Accession, Protein, ProtScore, ProtLength, Peptide, PepScore, Charge, Scan, RetTime,SeqMass, ExpMass
ALBU_MOUSE, Serum albumin OS=Mus musculus GN=Alb PE=1 SV=3, 19596.3,      608,FGERAFK, 32.2,  2,   3066,    23.23,   854.45,  854.45140
 , , , ,FGERAFK, 32.5,  2,   3171,    23.57,   854.45,  854.45195
 , , , ,VCLLHEK, 34.9,  2,   2994,    23.04,   898.48,  898.48076
 , , , ,VCLLHEK, 33.7,  2,   2894,    22.70,   898.48,  898.48113
 , , , ,VCLLHEK, 38.7,  2,   3114,    23.38,   898.48,  898.48235
 , , , ,QTALAELVK, 54.6,  2,  15330,    57.02,   972.57,  972.57134
 , , , ,QTALAELVK, 63.2,  2,  14661,    55.29,   972.57,  972.57189
 , , , ,QTALAELVK, 30.9,  2,  15814,    58.25,   972.57,  972.57207
 , , , ,QTALAELVK, 73.3,  2,  15197,    56.68,   972.57,  972.57244
 , , , ,QTALAELVK, 79.6,  2,  15063,    56.34,   972.57,  972.57244
 , , , ,QTALAELVK, 79.4,  2,  14512,    54.92,   972.57,  972.57268
 , , , ,QTALAELVK, 69.1,  2,  14926,    55.99,   972.57,  972.57274
 , , , ,QTALAELVK, 70.0,  2,  14799,    55.64,   972.57,  972.57280
 , , , ,EKALVSSVR, 32.1,  2,   2051,    20.08,   988.58,  988.57939
 , , , ,AFKAWAVAR, 34.5,  2,   9347,    41.67,  1019.58, 1019.57848
 , , , ,AFKAWAVAR, 45.0,  2,   9475,    42.03,  1019.58, 1019.57891
 , , , ,AFKAWAVAR, 48.3,  2,   9609,    42.38,  1019.58, 1019.58000
 , , , ,AFKAWAVAR, 36.9,  2,   8805,    40.28,  1019.58, 1019.58031
 , , , ,AFKAWAVAR, 32.3,  2,  10177,    43.80,  1019.58, 1019.58043
 , , , ,AFKAWAVAR, 35.0,  2,   8950,    40.63,  1019.58, 1019.58159
 , , , ,AFKAWAVAR, 37.4,  2,   9753,    42.73,  1019.58, 1019.58220
 , , , ,AFKAWAVAR, 51.6,  2,  10046,    43.45,  1019.58, 1019.58299
 , , , ,CCSGSLVER, 56.7,  2,  11694,    47.78,  1067.46, 1067.46074
 , , , ,CCSGSLVER, 56.6,  2,  11449,    47.09,  1067.46, 1067.46111
 , , , ,CCSGSLVER, 57.7,  2,  11574,    47.43,  1067.46, 1067.46123
 , , , ,CCSGSLVER, 59.8,  2,  11819,    48.13,  1067.46, 1067.46123
 , , , ,CCSGSLVER, 45.5,  2,  11314,    46.75,  1067.46, 1067.46135
 , , , ,CCSGSLVER, 57.2,  2,  11028,    46.06,  1067.46, 1067.46160
 , , , ,CCSGSLVER, 77.3,  2,  10900,    45.72,  1067.46, 1067.46208
 , , , ,CCSGSLVER, 52.1,  2,  11172,    46.41,  1067.46, 1067.46245
 , , , ,CCSGSLVER, 48.3,  2,  10773,    45.37,  1067.46, 1067.46611
 , , , ,KQTALAELVK, 30.0,  2,   7885,    37.82,  1100.67, 1100.66814
 , , , ,KQTALAELVK, 69.2,  2,   8272,    38.85,  1100.67, 1100.66850
 , , , ,KQTALAELVK, 80.2,  2,   8149,    38.52,  1100.67, 1100.66850
 , , , ,KQTALAELVK, 84.6,  2,   8524,    39.54,  1100.67, 1100.66863
 , , , ,KQTALAELVK, 77.0,  2,   8408,    39.20,  1100.67, 1100.66875
 , , , ,KQTALAELVK, 55.5,  2,   8781,    40.22,  1100.67, 1100.66936
 , , , ,KQTALAELVK, 84.8,  2,   8013,    38.17,  1100.67, 1100.66936
 , , , ,KQTALAELVK, 80.7,  2,   8650,    39.88,  1100.67, 1100.66985
 , , , ,LATDLTKVNK, 60.2,  2,   4541,    28.23,  1102.65, 1102.64702
 , , , ,LVQEVTDFAK, 39.6,  2,  15961,    58.62,  1149.62, 1149.61382
 , , , ,LVQEVTDFAK, 45.2,  2,  15805,    58.23,  1149.62, 1149.61431
 , , , ,LVQEVTDFAK, 61.5,  2,  15378,    57.14,  1149.62, 1149.61553
 , , , ,LVQEVTDFAK, 68.8,  2,  15510,    57.48,  1149.62, 1149.61565
 , , , ,LVQEVTDFAK, 60.5,  2,  15245,    56.80,  1149.62, 1149.61577
 , , , ,LVQEVTDFAK, 64.4,  2,  14969,    56.10,  1149.62, 1149.61601
 , , , ,LVQEVTDFAK, 49.9,  2,  15657,    57.85,  1149.62, 1149.61614
 , , , ,LVQEVTDFAK, 56.5,  2,  15107,    56.45,  1149.62, 1149.61626
 , , , ,CSSMQKFGER, 34.5,  3,   2374,    21.16,  1229.54, 1229.53937
 , , , ,CSSMQKFGER, 67.7,  2,   2278,    20.88,  1229.54, 1229.54094
 , , , ,YNDLGEQHFK, 31.4,  3,   5197,    30.20,  1250.58, 1250.57883
 , , , ,YNDLGEQHFK, 39.2,  3,   5056,    29.85,  1250.58, 1250.57956
 , , , ,YNDLGEQHFK, 55.1,  2,   5163,    30.12,  1250.58, 1250.57976
 , , , ,YNDLGEQHFK, 47.2,  2,   5304,    30.47,  1250.58, 1250.58013
 , , , ,YNDLGEQHFK, 66.5,  2,   5026,    29.78,  1250.58, 1250.58122
 , , , ,YNDLGEQHFK, 35.3,  2,   4907,    29.44,  1250.58, 1250.58183
 , , , ,KQTALAELVK, 54.1,  3,   7968,    38.05,  1262.72, 1262.71991
 , , , ,KQTALAELVK, 51.7,  2,   7951,    38.01,  1262.72, 1262.72014
 , , , ,EKALVSSVRQR, 34.9,  2,   1540,    17.80,  1272.74, 1272.73857
 , , , ,LAKKYEATLEK, 47.5,  3,   2135,    20.40,  1293.74, 1293.74064
 , , , ,LAKKYEATLEK, 55.0,  3,   2233,    20.74,  1293.74, 1293.74118
 , , , ,LAKKYEATLEK, 71.9,  2,   2225,    20.71,  1293.74, 1293.74187
 , , , ,LAKKYEATLEK, 49.2,  2,   2336,    21.06,  1293.74, 1293.74224
 , , , ,LAKKYEATLEK, 48.6,  2,   2126,    20.37,  1293.74, 1293.74297
 , , , ,HPDYSVSLLLR, 61.0,  2,  21261,    71.98,  1299.71, 1299.70476
 , , , ,HPDYSVSLLLR, 40.3,  2,  21119,    71.64,  1299.71, 1299.70513
 , , , ,HPDYSVSLLLR, 68.2,  2,  21541,    72.68,  1299.71, 1299.70513
 , , , ,HPDYSVSLLLR, 70.8,  2,  21401,    72.33,  1299.71, 1299.70513
 , , , ,HPDYSVSLLLR, 46.4,  3,  21313,    72.11,  1299.71, 1299.70557
 , , , ,HPDYSVSLLLR, 45.7,  2,  21683,    73.03,  1299.71, 1299.70622
 , , , ,HPDYSVSLLLR, 41.9,  3,  21454,    72.46,  1299.71, 1299.70639
 , , , ,KQTALAELVKHK, 46.2,  3,   3828,    25.85,  1365.82, 1365.82166
 , , , ,LQTCCDKPLLK, 42.5,  3,   5635,    31.35,  1375.71, 1375.70606
 , , , ,LQTCCDKPLLK, 46.1,  2,   5730,    31.68,  1375.71, 1375.70647
 , , , ,LQTCCDKPLLK, 47.3,  2,   6038,    32.74,  1375.71, 1375.70671
 , , , ,LQTCCDKPLLK, 47.4,  3,   5734,    31.69,  1375.71, 1375.70697
 , , , ,LQTCCDKPLLK, 56.6,  2,   5632,    31.34,  1375.71, 1375.70708
 , , , ,LQTCCDKPLLK, 40.0,  2,   5927,    32.40,  1375.71, 1375.70732
 , , , ,LQTCCDKPLLK, 37.2,  3,   5514,    31.00,  1375.71, 1375.70771
 , , , ,LQTCCDKPLLK, 56.6,  2,   5243,    30.31,  1375.71, 1375.70781
 , , , ,LQTCCDKPLLK, 36.4,  3,   6451,    33.88,  1375.71, 1375.70789
 , , , ,LQTCCDKPLLK, 56.8,  2,   5100,    29.96,  1375.71, 1375.70818
 , , , ,LQTCCDKPLLK, 43.4,  2,   5374,    30.65,  1375.71, 1375.70842
 , , , ,LQTCCDKPLLK, 51.0,  2,   5508,    30.99,  1375.71, 1375.70854
 , , , ,LQTCCDKPLLK, 44.1,  3,   5108,    29.98,  1375.71, 1375.70881
 , , , ,YMCENQATISSK, 57.5,  2,   6120,    32.97,  1431.62, 1431.62285
 , , , ,YMCENQATISSK, 74.7,  2,   5998,    32.61,  1431.62, 1431.62297
 , , , ,YMCENQATISSK, 67.0,  2,   5199,    30.20,  1431.62, 1431.62309
 , , , ,YMCENQATISSK, 66.5,  2,   5889,    32.28,  1431.62, 1431.62346
 , , , ,YMCENQATISSK, 71.5,  2,   5798,    31.93,  1431.62, 1431.62444
 , , , ,YMCENQATISSK, 76.7,  2,   5704,    31.59,  1431.62, 1431.62456
 , , , ,YMCENQATISSK, 24.8,  2,  10402,    44.44,  1431.62, 1431.62468
 , , , ,YMCENQATISSK, 73.3,  2,   5597,    31.24,  1431.62, 1431.62615
 , , , ,YMCENQATISSK, 77.1,  2,   5333,    30.54,  1431.62, 1431.62651
 , , , ,YMCENQATISSK, 79.3,  2,   5468,    30.89,  1431.62, 1431.62895
 , , , ,YMCENQATISSK, 34.8,  2,   7144,    35.74,  1431.62, 1432.61516
 , , , ,YMCENQATISSK, 32.5,  2,   6994,    35.37,  1431.62, 1432.62358
 , , , ,APQVSTPTLVEAAR, 58.1,  3,  15548,    57.57,  1439.79, 1439.78556
 , , , ,APQVSTPTLVEAAR, 62.9,  2,  15842,    58.32,  1439.79, 1439.78581
 , , , ,APQVSTPTLVEAAR, 46.5,  2,  15432,    57.28,  1439.79, 1439.78606
 , , , ,APQVSTPTLVEAAR, 41.7,  3,  15683,    57.92,  1439.79, 1439.78638
 , , , ,APQVSTPTLVEAAR, 70.8,  2,  15700,    57.96,  1439.79, 1439.78642
 , , , ,APQVSTPTLVEAAR, 69.4,  2,  15565,    57.62,  1439.79, 1439.78642
 , , , ,YMCENQATISSK, 55.0,  2,   5489,    30.94,  1447.62, 1447.61516
 , , , ,YMCENQATISSK, 61.3,  2,   5611,    31.28,  1447.62, 1447.61565
 , , , ,YMCENQATISSK, 57.0,  2,   5355,    30.60,  1447.62, 1447.61614
 , , , ,YMCENQATISSK, 64.4,  2,   5081,    29.91,  1447.62, 1447.61650
 , , , ,YMCENQATISSK, 55.3,  2,   5715,    31.63,  1447.62, 1447.61724
 , , , ,YMCENQATISSK, 63.7,  2,   5223,    30.26,  1447.62, 1447.61736
 , , , ,YMCENQATISSK, 63.2,  2,   4408,    27.85,  1447.62, 1447.61846
 , , , ,YMCENQATISSK, 68.1,  2,   4530,    28.20,  1447.62, 1447.61870
 , , , ,YMCENQATISSK, 68.3,  2,   4733,    28.89,  1447.62, 1447.61870
 , , , ,YMCENQATISSK, 62.2,  2,   4297,    27.50,  1447.62, 1447.61882
 , , , ,YMCENQATISSK, 68.4,  2,   4841,    29.23,  1447.62, 1447.61907
 , , , ,YMCENQATISSK, 79.7,  2,   4637,    28.55,  1447.62, 1447.61907
 , , , ,YMCENQATISSK, 70.1,  2,   4200,    27.15,  1447.62, 1447.61919
 , , , ,YMCENQATISSK, 72.2,  2,   3211,    23.71,  1447.62, 1447.61919
 , , , ,YMCENQATISSK, 61.6,  2,   4950,    29.57,  1447.62, 1447.61919
 , , , ,YMCENQATISSK, 65.4,  2,   4109,    26.81,  1447.62, 1447.61943
 , , , ,YMCENQATISSK, 65.8,  2,   3396,    24.39,  1447.62, 1447.61943
 , , , ,YMCENQATISSK, 69.9,  2,   4010,    26.47,  1447.62, 1447.61943
 , , , ,YMCENQATISSK, 83.0,  2,   3671,    25.43,  1447.62, 1447.61968
 , , , ,YMCENQATISSK, 67.7,  2,   3801,    25.78,  1447.62, 1447.61968
 , , , ,YMCENQATISSK, 65.1,  2,   3485,    24.73,  1447.62, 1447.61980
 , , , ,YMCENQATISSK, 67.0,  2,   3903,    26.13,  1447.62, 1447.61980
 , , , ,YMCENQATISSK, 76.5,  2,   3109,    23.37,  1447.62, 1447.61992
 , , , ,YMCENQATISSK, 73.1,  2,   3305,    24.05,  1447.62, 1447.62016
 , , , ,YMCENQATISSK, 62.5,  2,   3569,    25.07,  1447.62, 1447.62029
 , , , ,YMCENQATISSK, 27.0,  2,   5807,    31.97,  1447.62, 1448.60918
 , , , ,RHPDYSVSLLLR, 51.1,  3,  16182,    59.18,  1455.81, 1455.80436
 , , , ,RHPDYSVSLLLR, 46.0,  2,  16540,    60.05,  1455.81, 1455.80547
 , , , ,RHPDYSVSLLLR, 42.2,  2,  16389,    59.70,  1455.81, 1455.80571
 , , , ,RHPDYSVSLLLR, 46.3,  3,  18046,    63.74,  1455.81, 1455.80582
 , , , ,RHPDYSVSLLLR, 37.0,  2,  16687,    60.40,  1455.81, 1455.80596
 , , , ,RHPDYSVSLLLR, 59.2,  3,  17615,    62.67,  1455.81, 1455.80610
 , , , ,RHPDYSVSLLLR, 49.0,  3,  17891,    63.36,  1455.81, 1455.80619
 , , , ,RHPDYSVSLLLR, 51.4,  3,  17474,    62.33,  1455.81, 1455.80664
 , , , ,RHPDYSVSLLLR, 63.7,  3,  17186,    61.63,  1455.81, 1455.80683
 , , , ,RHPDYSVSLLLR, 58.4,  3,  17331,    61.98,  1455.81, 1455.80683
 , , , ,RHPDYSVSLLLR, 61.0,  3,  17748,    63.02,  1455.81, 1455.80692
 , , , ,RHPDYSVSLLLR, 42.0,  3,  18579,    65.13,  1455.81, 1455.80756
 , , , ,RHPDYSVSLLLR, 39.1,  3,  18451,    64.78,  1455.81, 1455.80756
 , , , ,RHPDYSVSLLLR, 58.6,  3,  16756,    60.57,  1455.81, 1455.80765
 , , , ,RHPDYSVSLLLR, 60.5,  3,  17041,    61.28,  1455.81, 1455.80793
 , , , ,RHPDYSVSLLLR, 65.6,  3,  16898,    60.92,  1455.81, 1455.80820
 , , , ,RHPDYSVSLLLR, 52.0,  3,  16615,    60.23,  1455.81, 1455.80857
 , , , ,RHPDYSVSLLLR, 55.2,  3,  16471,    59.89,  1455.81, 1455.80957
 , , , ,RHPDYSVSLLLR, 76.0,  3,  16316,    59.52,  1455.81, 1455.80967
 , , , ,ENYGELADCCTK, 37.9,  2,   8367,    39.09,  1459.58, 1459.58098
 , , , ,ENYGELADCCTK, 24.0,  2,   8884,    40.47,  1459.58, 1459.58220
 , , , ,ENYGELADCCTK, 65.0,  2,   8490,    39.44,  1459.58, 1459.58245
 , , , ,ENYGELADCCTK, 54.9,  2,   8747,    40.13,  1459.58, 1459.58428
 , , , ,ENYGELADCCTK, 65.0,  2,   8614,    39.78,  1459.58, 1459.58428
 , , , ,QTALAELVKHKPK, 47.7,  2,   6634,    34.35,  1462.87, 1462.87297
 , , , ,QTALAELVKHKPK, 31.1,  3,   6614,    34.30,  1462.87, 1462.87296
 , , , ,QTALAELVKHKPK, 83.9,  2,   6493,    33.99,  1462.87, 1462.87309
 , , , ,QTALAELVKHKPK, 30.1,  3,   6736,    34.65,  1462.87, 1462.87323
 , , , ,QTALAELVKHKPK, 39.2,  3,   6858,    35.00,  1462.87, 1462.87378
 , , , ,QTALAELVKHKPK, 36.3,  3,   6985,    35.35,  1462.87, 1462.87424
 , , , ,QTALAELVKHKPK, 31.2,  3,   6474,    33.94,  1462.87, 1462.87433
 , , , ,QIKKQTALAELVK, 51.0,  2,   7639,    37.11,  1469.90, 1469.90361
 , , , ,QIKKQTALAELVK, 42.5,  2,   7505,    36.76,  1469.90, 1469.90398
 , , , ,QIKKQTALAELVK, 75.1,  2,   7380,    36.42,  1469.90, 1469.90410
 , , , ,QIKKQTALAELVK, 28.5,  3,   7611,    37.03,  1469.90, 1469.90430
 , , , ,QIKKQTALAELVK, 74.3,  2,   7272,    36.08,  1469.90, 1469.90459
 , , , ,QIKKQTALAELVK, 24.2,  3,   7982,    38.09,  1469.90, 1469.90467
 , , , ,QIKKQTALAELVK, 34.9,  3,   7477,    36.70,  1469.90, 1469.90522
 , , , ,QIKKQTALAELVK, 28.4,  3,   7361,    36.36,  1469.90, 1469.90531
 , , , ,QIKKQTALAELVK, 42.3,  3,   7731,    37.38,  1469.90, 1469.90540
 , , , ,QIKKQTALAELVK, 37.4,  2,   7142,    35.73,  1469.90, 1469.90544
 , , , ,QIKKQTALAELVK, 44.4,  3,   7118,    35.68,  1469.90, 1469.90595
 , , , ,QIKKQTALAELVK, 37.5,  3,   7249,    36.02,  1469.90, 1469.90696
 , , , ,LGEYGFQNAILVR, 43.8,  2,  27094,    87.22,  1479.80, 1479.79460
 , , , ,LGEYGFQNAILVR, 60.9,  3,  27938,    89.55,  1479.80, 1479.79548
 , , , ,LGEYGFQNAILVR, 45.2,  3,  28070,    89.89,  1479.80, 1479.79584
 , , , ,LGEYGFQNAILVR, 50.5,  2,  30454,    96.31,  1479.80, 1479.79607
 , , , ,LGEYGFQNAILVR, 91.2,  2,  28131,    90.08,  1479.80, 1479.79680
 , , , ,LGEYGFQNAILVR, 98.0,  2,  28012,    89.74,  1479.80, 1479.79912
 , , , ,LGEYGFQNAILVR, 98.0,  2,  27881,    89.39,  1479.80, 1479.80058
 , , , ,GLVLIAFSQYLQK, 46.4,  2,  39810,   121.42,  1479.86, 1479.85466
 , , , ,GLVLIAFSQYLQK, 76.0,  2,  39921,   121.76,  1479.86, 1479.85857
 , , , ,LGEYGFQNAILVR, 46.3,  2,  28250,    90.42,  1479.80, 1480.78508
 , , , ,LGEYGFQNAILVR, 59.3,  2,  28388,    90.78,  1479.80, 1480.78777
 , , , ,LGEYGFQNAILVR, 57.6,  2,  28521,    91.13,  1479.80, 1480.79143
 , , , ,LGEYGFQNAILVR, 48.0,  2,  27758,    89.05,  1479.80, 1480.79802
 , , , ,LGEYGFQNAILVR, 54.2,  3,  27814,    89.20,  1479.80, 1480.79963
 , , , ,MKCSSMQKFGER, 78.4,  2,   2427,    21.34,  1488.68, 1488.67436
 , , , ,MKCSSMQKFGER, 71.9,  2,   2644,    22.02,  1488.68, 1488.67461
 , , , ,MKCSSMQKFGER, 37.1,  3,   2397,    21.25,  1488.68, 1488.67490
 , , , ,MKCSSMQKFGER, 63.3,  2,   2541,    21.68,  1488.68, 1488.67497
 , , , ,MKCSSMQKFGER, 90.5,  3,   2613,    21.93,  1488.68, 1488.67591
 , , , ,MKCSSMQKFGER, 90.5,  3,   2508,    21.59,  1488.68, 1488.67719
 , , , ,NLVKTNCDLYEK, 45.0,  2,   6912,    35.16,  1496.74, 1496.74089
 , , , ,NLVKTNCDLYEK, 45.2,  3,   6929,    35.20,  1496.74, 1496.74125
 , , , ,NLVKTNCDLYEK, 54.6,  2,   7050,    35.52,  1496.74, 1496.74138
 , , , ,NLVKTNCDLYEK, 62.4,  3,   7062,    35.54,  1496.74, 1496.74280
 , , , ,LDGVKEKALVSSVR, 46.3,  2,   7981,    38.08,  1500.87, 1500.87248
 , , , ,LDGVKEKALVSSVR, 48.2,  2,   7741,    37.40,  1500.87, 1500.87273
 , , , ,LDGVKEKALVSSVR, 46.8,  2,   7856,    37.75,  1500.87, 1500.87334
 , , , ,LDGVKEKALVSSVR, 53.7,  3,   7898,    37.86,  1500.87, 1500.87476
 , , , ,LDGVKEKALVSSVR, 43.4,  3,   7661,    37.17,  1500.87, 1500.87494
 , , , ,LDGVKEKALVSSVR, 55.6,  3,   7780,    37.51,  1500.87, 1500.87558
 , , , ,LQTCCDKPLLKK, 35.2,  2,   2641,    22.01,  1503.80, 1503.80071
 , , , ,LQTCCDKPLLKK, 60.3,  2,   3001,    23.06,  1503.80, 1503.80120
 , , , ,LQTCCDKPLLKK, 42.0,  2,   3315,    24.09,  1503.80, 1503.80144
 , , , ,LQTCCDKPLLKK, 58.8,  2,   2898,    22.71,  1503.80, 1503.80181
 , , , ,LQTCCDKPLLKK, 47.2,  2,   3120,    23.40,  1503.80, 1503.80217
 , , , ,LQTCCDKPLLKK, 59.7,  2,   2778,    22.36,  1503.80, 1503.80303
 , , , ,LQTCCDKPLLKK, 47.2,  3,   2989,    23.02,  1503.80, 1503.80335
 , , , ,LQTCCDKPLLKK, 38.0,  3,   3302,    24.04,  1503.80, 1503.80335
 , , , ,LQTCCDKPLLKK, 38.5,  3,   2887,    22.67,  1503.80, 1503.80500
 , , , ,MKCSSMQKFGER, 51.4,  2,   1704,    18.63,  1504.67, 1504.66948
 , , , ,MKCSSMQKFGER, 38.5,  2,   1940,    19.64,  1504.67, 1504.66985
 , , , ,MKCSSMQKFGER, 59.2,  2,   1641,    18.28,  1504.67, 1504.66997
 , , , ,MKCSSMQKFGER, 65.8,  2,   1767,    18.97,  1504.67, 1504.67009
 , , , ,MKCSSMQKFGER, 35.2,  3,   1712,    18.66,  1504.67, 1504.67035
 , , , ,MKCSSMQKFGER, 30.3,  2,   2026,    19.99,  1504.67, 1504.67046
 , , , ,MKCSSMQKFGER, 31.3,  3,   1447,    17.30,  1504.67, 1504.67081
 , , , ,MKCSSMQKFGER, 40.5,  3,   1647,    18.32,  1504.67, 1504.67090
 , , , ,MKCSSMQKFGER, 40.8,  3,   1776,    19.01,  1504.67, 1504.67099
 , , , ,MKCSSMQKFGER, 36.3,  3,   1581,    17.97,  1504.67, 1504.67099
 , , , ,MKCSSMQKFGER, 30.0,  3,   2128,    20.37,  1504.67, 1504.67118
 , , , ,MKCSSMQKFGER, 39.9,  3,   1930,    19.61,  1504.67, 1504.67200
 , , , ,MKCSSMQKFGER, 29.1,  3,   1954,    19.70,  1504.67, 1504.67200
 , , , ,MKCSSMQKFGER, 35.7,  3,   1858,    19.36,  1504.67, 1504.67283
 , , , ,LQTCCDKPLLKK, 48.2,  2,   3219,    23.74,  1503.80, 1504.79289
 , , , ,LQTCCDKPLLKK, 37.7,  3,   3208,    23.70,  1503.80, 1504.79486
 , , , ,FGERAFKAWAVAR, 42.0,  2,  16001,    58.72,  1508.81, 1508.81072
 , , , ,FGERAFKAWAVAR, 32.4,  3,  16071,    58.90,  1508.81, 1508.81376
 , , , ,FGERAFKAWAVAR, 34.3,  3,  15938,    58.56,  1508.81, 1508.81458
 , , , ,MKCSSMQKFGER, 28.2,  4,   2443,    21.39,  1520.67, 1520.66482
 , , , ,VGTKCCTLPEDQR, 46.2,  2,   2938,    22.85,  1563.73, 1563.72307
 , , , ,VGTKCCTLPEDQR, 78.6,  2,   2836,    22.51,  1563.73, 1563.72405
 , , , ,VGTKCCTLPEDQR, 47.8,  3,   2876,    22.63,  1563.73, 1563.72452
 , , , ,VGTKCCTLPEDQR, 33.1,  3,   2976,    22.97,  1563.73, 1563.72507
 , , , ,VGTKCCTLPEDQR, 31.9,  3,   2744,    22.28,  1563.73, 1564.72483
 , , , ,KQTALAELVKHKPK, 63.5,  2,   4169,    27.03,  1590.97, 1590.96746
 , , , ,KQTALAELVKHKPK, 29.0,  4,   4315,    27.55,  1590.97, 1590.96767
 , , , ,KQTALAELVKHKPK, 51.0,  4,   4427,    27.90,  1590.97, 1590.96804
 , , , ,KQTALAELVKHKPK, 32.5,  4,   4219,    27.21,  1590.97, 1590.96877
 , , , ,KQTALAELVKHKPK, 48.8,  3,   4245,    27.30,  1590.97, 1590.96952
 , , , ,KQTALAELVKHKPK, 39.1,  3,   4340,    27.64,  1590.97, 1590.96970
 , , , ,KQTALAELVKHKPK, 24.8,  4,   4543,    28.24,  1590.97, 1590.96975
 , , , ,KQTALAELVKHKPK, 33.5,  4,   4129,    26.88,  1590.97, 1590.97072
 , , , ,KQTALAELVKHKPK, 46.5,  3,   4056,    26.62,  1590.97, 1590.97080
 , , , ,KQTALAELVKHKPK, 60.3,  3,   4152,    26.96,  1590.97, 1590.97171
 , , , ,DTCFSTEGPNLVTR, 38.1,  2,  18596,    65.17,  1596.73, 1596.72930
 , , , ,DTCFSTEGPNLVTR, 53.8,  2,  18864,    65.88,  1596.73, 1596.73076
 , , , ,DTCFSTEGPNLVTR, 59.8,  2,  18722,    65.53,  1596.73, 1596.73247
 , , , ,DVFLGTFLYEYSR, 76.7,  2,  42420,   129.63,  1609.79, 1609.78813
 , , , ,DVFLGTFLYEYSR, 57.9,  2,  42544,   129.99,  1609.79, 1610.79412
 , , , ,DVFLGTFLYEYSR, 66.3,  2,  42308,   129.29,  1609.79, 1610.79924
 , , , ,QIKKQTALAELVK, 29.3,  3,   7099,    35.63,  1631.96, 1631.95896
 , , , ,LSQTFPNADFAEITK, 67.0,  2,  26647,    86.03,  1681.84, 1681.84355
 , , , ,LSQTFPNADFAEITK, 75.7,  2,  27156,    87.40,  1681.84, 1681.84368
 , , , ,LSQTFPNADFAEITK, 67.5,  2,  27033,    87.06,  1681.84, 1681.84429
 , , , ,LSQTFPNADFAEITK, 74.6,  2,  27290,    87.76,  1681.84, 1681.84453
 , , , ,LSQTFPNADFAEITK, 70.4,  2,  26778,    86.37,  1681.84, 1681.84453
 , , , ,LSQTFPNADFAEITK, 64.7,  2,  26911,    86.72,  1681.84, 1681.84477
 , , , ,RHPDYSVSLLLRLAK, 39.3,  4,  22975,    76.39,  1768.02, 1768.02224
 , , , ,RHPDYSVSLLLRLAK, 50.3,  4,  22832,    76.03,  1768.02, 1768.02297
 , , , ,RHPDYSVSLLLRLAK, 35.9,  3,  22868,    76.12,  1768.02, 1768.02463
 , , , ,QRMKCSSMQKFGER, 45.0,  3,   1846,    19.32,  1772.84, 1772.83518
 , , , ,LDGVKEKALVSSVRQR, 28.4,  4,   6613,    34.30,  1785.03, 1785.03310
 , , , ,TVMDDFAQFLDTCCK,119.9,  2,  40721,   124.30,  1850.78, 1850.77666
 , , , ,TVMDDFAQFLDTCCK,114.4,  2,  40611,   123.96,  1850.78, 1850.77739
 , , , ,TVMDDFAQFLDTCCK, 68.3,  2,  40503,   123.62,  1850.78, 1851.78594
 , , , ,TVMDDFAQFLDTCCK, 46.1,  3,  32302,   101.24,  1866.77, 1866.76517
 , , , ,TVMDDFAQFLDTCCK, 97.5,  2,  32275,   101.17,  1866.77, 1866.77202
 , , , ,TVMDDFAQFLDTCCK, 26.2,  3,  32168,   100.89,  1866.77, 1866.77359
 , , , ,TVMDDFAQFLDTCCK, 28.1,  2,  32139,   100.81,  1866.77, 1866.77641
 , , , ,TVMDDFAQFLDTCCK, 60.3,  2,  32840,   102.64,  1866.77, 1867.76897
 , , , ,TVMDDFAQFLDTCCK, 49.7,  2,  32973,   102.99,  1866.77, 1867.77495
 , , , ,TVMDDFAQFLDTCCK, 38.7,  2,  32410,   101.50,  1866.77, 1867.77910
 , , , ,VCLLHEKTPVSEHVTK, 51.4,  2,   6321,    33.50,  1876.99, 1876.99138
 , , , ,VCLLHEKTPVSEHVTK, 73.1,  2,   6190,    33.15,  1876.99, 1876.99236
 , , , ,VCLLHEKTPVSEHVTK, 48.2,  3,   6416,    33.78,  1876.99, 1876.99582
 , , , ,VCLLHEKTPVSEHVTK, 51.4,  3,   6302,    33.44,  1876.99, 1876.99619
 , , , ,VCLLHEKTPVSEHVTK, 40.5,  3,   6167,    33.09,  1876.99, 1876.99619
 , , , ,VCLLHEKTPVSEHVTK, 38.5,  3,   6907,    35.14,  1876.99, 1877.99595
 , , , ,APQVSTPTLVEAARNLGR, 31.3,  3,  23730,    78.37,  1880.03, 1880.03775
 , , , ,RPCFSALTVDETYVPK, 51.1,  2,  22347,    74.76,  1882.94, 1882.93547
 , , , ,RPCFSALTVDETYVPK, 43.6,  2,  22474,    75.10,  1882.94, 1882.93584
 , , , ,RPCFSALTVDETYVPK, 42.4,  3,  22695,    75.68,  1882.94, 1882.93650
 , , , ,RPCFSALTVDETYVPK, 58.0,  3,  22439,    75.00,  1882.94, 1882.93760
 , , , ,RPCFSALTVDETYVPK, 46.3,  3,  22561,    75.34,  1882.94, 1882.93851
 , , , ,RPCFSALTVDETYVPK, 54.9,  3,  22309,    74.66,  1882.94, 1882.93924
 , , , ,ENPTTFMGHYLHEVAR, 54.3,  4,  23010,    76.48,  1901.90, 1901.89687
 , , , ,ENPTTFMGHYLHEVAR, 48.3,  4,  22876,    76.14,  1901.90, 1901.89687
 , , , ,ENPTTFMGHYLHEVAR, 33.4,  4,  23136,    76.84,  1901.90, 1901.89724
 , , , ,ENPTTFMGHYLHEVAR, 31.6,  4,  22740,    75.80,  1901.90, 1901.89736
 , , , ,ENPTTFMGHYLHEVAR, 35.2,  3,  22673,    75.62,  1901.90, 1901.89743
 , , , ,ENPTTFMGHYLHEVAR, 62.4,  3,  23074,    76.67,  1901.90, 1901.89780
 , , , ,ENPTTFMGHYLHEVAR, 44.4,  3,  22943,    76.31,  1901.90, 1901.89908
 , , , ,ENPTTFMGHYLHEVAR, 50.7,  3,  23200,    77.01,  1901.90, 1901.89945
 , , , ,ENPTTFMGHYLHEVAR, 44.4,  3,  22810,    75.97,  1901.90, 1901.89963
 , , , ,AELAKYMCENQATISSK, 44.5,  2,  13135,    51.59,  1943.92, 1943.91728
 , , , ,AELAKYMCENQATISSK, 71.6,  2,  13278,    51.94,  1943.92, 1943.91789
 , , , ,AELAKYMCENQATISSK, 82.8,  3,  13192,    51.74,  1943.92, 1943.92307
 , , , ,SLHTLFGDKLCAIPNLR, 67.5,  2,  27201,    87.52,  1955.05, 1955.05168
 , , , ,SLHTLFGDKLCAIPNLR, 43.0,  4,  27360,    87.97,  1955.05, 1955.05434
 , , , ,SLHTLFGDKLCAIPNLR, 36.4,  4,  27244,    87.63,  1955.05, 1955.05459
 , , , ,SLHTLFGDKLCAIPNLR, 49.1,  3,  27328,    87.86,  1955.05, 1955.05460
 , , , ,SLHTLFGDKLCAIPNLR, 38.0,  3,  27200,    87.51,  1955.05, 1955.05570
 , , , ,SLHTLFGDKLCAIPNLR, 32.4,  3,  27448,    88.22,  1955.05, 1955.05643
 , , , ,YTQKAPQVSTPTLVEAAR, 51.9,  2,  14829,    55.72,  1960.05, 1960.04363
 , , , ,YTQKAPQVSTPTLVEAAR, 53.8,  2,  14702,    55.38,  1960.05, 1960.04497
 , , , ,YTQKAPQVSTPTLVEAAR, 53.3,  2,  14559,    55.05,  1960.05, 1960.04704
 , , , ,YTQKAPQVSTPTLVEAAR, 52.5,  2,  14414,    54.69,  1960.05, 1960.04753
 , , , ,YTQKAPQVSTPTLVEAAR, 47.4,  2,  14129,    53.99,  1960.05, 1960.04802
 , , , ,YTQKAPQVSTPTLVEAAR, 53.5,  2,  14268,    54.33,  1960.05, 1960.04839
 , , , ,YTQKAPQVSTPTLVEAAR, 36.5,  3,  16542,    60.06,  1960.05, 1960.04898
 , , , ,YTQKAPQVSTPTLVEAAR, 38.9,  3,  17867,    63.31,  1960.05, 1960.04990
 , , , ,YTQKAPQVSTPTLVEAAR, 53.8,  4,  14243,    54.27,  1960.05, 1960.05044
 , , , ,YTQKAPQVSTPTLVEAAR, 66.1,  3,  14490,    54.87,  1960.05, 1960.05063
 , , , ,YTQKAPQVSTPTLVEAAR, 66.2,  3,  14347,    54.53,  1960.05, 1960.05082
 , , , ,YTQKAPQVSTPTLVEAAR, 67.2,  3,  14203,    54.17,  1960.05, 1960.05100
 , , , ,YTQKAPQVSTPTLVEAAR, 54.9,  3,  15843,    58.32,  1960.05, 1960.05137
 , , , ,YTQKAPQVSTPTLVEAAR, 47.4,  3,  16790,    60.65,  1960.05, 1960.05155
 , , , ,YTQKAPQVSTPTLVEAAR, 62.1,  3,  14633,    55.22,  1960.05, 1960.05228
 , , , ,YTQKAPQVSTPTLVEAAR, 51.7,  3,  14770,    55.56,  1960.05, 1960.05228
 , , , ,YTQKAPQVSTPTLVEAAR, 58.1,  3,  14057,    53.82,  1960.05, 1960.05246
 , , , ,YTQKAPQVSTPTLVEAAR, 47.5,  3,  16246,    59.35,  1960.05, 1960.05484
 , , , ,YTQKAPQVSTPTLVEAAR, 47.4,  3,  15429,    57.27,  1960.05, 1961.03849
 , , , ,YTQKAPQVSTPTLVEAAR, 65.6,  3,  15566,    57.62,  1960.05, 1961.03867
 , , , ,YTQKAPQVSTPTLVEAAR, 39.9,  3,  15027,    56.25,  1960.05, 1961.04380
 , , , ,YTQKAPQVSTPTLVEAAR, 49.3,  3,  15702,    57.96,  1960.05, 1961.04398
 , , , ,YTQKAPQVSTPTLVEAAR, 44.6,  3,  14892,    55.90,  1960.05, 1961.04416
 , , , ,YTQKAPQVSTPTLVEAAR, 77.6,  3,  15298,    56.94,  1960.05, 1961.04490
 , , , ,YTQKAPQVSTPTLVEAAR, 61.4,  3,  15161,    56.59,  1960.05, 1961.04728
 , , , ,YTQKAPQVSTPTLVEAAR, 42.7,  3,  17082,    61.37,  1960.05, 1961.04837
 , , , ,YTQKAPQVSTPTLVEAAR, 38.5,  3,  16931,    61.00,  1960.05, 1961.05075
 , , , ,YTQKAPQVSTPTLVEAAR, 47.2,  3,  15979,    58.67,  1960.05, 1961.05314
 , , , ,YTQKAPQVSTPTLVEAAR, 51.3,  3,  16108,    59.00,  1960.05, 1961.05387
 , , , ,YTQKAPQVSTPTLVEAAR, 34.9,  3,  16395,    59.71,  1960.05, 1961.05991
 , , , ,AADKDTCFSTEGPNLVTR, 35.0,  3,   9134,    41.10,  1981.93, 1981.91874
 , , , ,AADKDTCFSTEGPNLVTR, 57.1,  3,  14095,    53.91,  1981.93, 1981.92350
 , , , ,AADKDTCFSTEGPNLVTR, 76.8,  2,  13978,    53.59,  1981.93, 1981.92485
 , , , ,AADKDTCFSTEGPNLVTR, 87.9,  2,  13837,    53.24,  1981.93, 1981.92522
 , , , ,AADKDTCFSTEGPNLVTR, 65.3,  3,  14724,    55.44,  1981.93, 1981.92533
 , , , ,AADKDTCFSTEGPNLVTR, 90.8,  2,  13692,    52.90,  1981.93, 1981.92534
 , , , ,AADKDTCFSTEGPNLVTR, 67.6,  3,  15929,    58.54,  1981.93, 1981.92716
 , , , ,AADKDTCFSTEGPNLVTR, 78.0,  2,  13542,    52.55,  1981.93, 1981.92717
 , , , ,AADKDTCFSTEGPNLVTR, 78.4,  2,  13398,    52.21,  1981.93, 1981.92742
 , , , ,AADKDTCFSTEGPNLVTR, 37.8,  4,  13519,    52.50,  1981.93, 1981.92885
 , , , ,AADKDTCFSTEGPNLVTR, 84.3,  3,  13825,    53.21,  1981.93, 1981.92899
 , , , ,AADKDTCFSTEGPNLVTR, 84.3,  3,  13968,    53.56,  1981.93, 1981.92917
 , , , ,AADKDTCFSTEGPNLVTR, 72.3,  3,  13529,    52.52,  1981.93, 1981.92917
 , , , ,AADKDTCFSTEGPNLVTR, 84.4,  3,  13375,    52.16,  1981.93, 1981.92936
 , , , ,AADKDTCFSTEGPNLVTR, 32.2,  3,  20994,    71.34,  1981.93, 1981.92936
 , , , ,AADKDTCFSTEGPNLVTR, 74.1,  3,  14978,    56.13,  1981.93, 1981.92936
 , , , ,AADKDTCFSTEGPNLVTR, 68.3,  3,  13676,    52.87,  1981.93, 1981.92991
 , , , ,AADKDTCFSTEGPNLVTR, 51.5,  3,  16062,    58.88,  1981.93, 1981.93045
 , , , ,AADKDTCFSTEGPNLVTR, 50.4,  4,  13355,    52.12,  1981.93, 1981.93056
 , , , ,AADKDTCFSTEGPNLVTR, 96.6,  3,  14850,    55.78,  1981.93, 1981.93064
 , , , ,AADKDTCFSTEGPNLVTR, 71.9,  3,  15120,    56.48,  1981.93, 1981.93064
 , , , ,AADKDTCFSTEGPNLVTR, 46.5,  3,  16208,    59.25,  1981.93, 1981.93503
 , , , ,AADKDTCFSTEGPNLVTR, 50.4,  3,  16345,    59.59,  1981.93, 1981.93522
 , , , ,AADKDTCFSTEGPNLVTR, 33.4,  2,  15369,    57.12,  1981.93, 1982.91338
 , , , ,AADKDTCFSTEGPNLVTR, 78.1,  3,  15522,    57.51,  1981.93, 1982.91520
 , , , ,AADKDTCFSTEGPNLVTR, 83.5,  3,  15388,    57.17,  1981.93, 1982.91556
 , , , ,AADKDTCFSTEGPNLVTR, 40.7,  2,  13242,    51.85,  1981.93, 1982.91704
 , , , ,AADKDTCFSTEGPNLVTR, 67.5,  3,  15655,    57.85,  1981.93, 1982.91758
 , , , ,AADKDTCFSTEGPNLVTR, 44.1,  3,  14575,    55.08,  1981.93, 1982.91996
 , , , ,AADKDTCFSTEGPNLVTR, 47.9,  3,  13222,    51.80,  1981.93, 1982.92032
 , , , ,LGEYGFQNAILVRYTQK, 44.9,  3,  27189,    87.49,  2000.06, 2000.06137
 , , , ,LGEYGFQNAILVRYTQK, 65.7,  3,  27318,    87.84,  2000.06, 2000.06229
 , , , ,LGEYGFQNAILVRYTQK, 38.4,  3,  27436,    88.19,  2000.06, 2000.06266
 , , , ,LGEYGFQNAILVRYTQK, 45.7,  2,  27217,    87.56,  2000.06, 2000.06340
 , , , ,TPVSEHVTKCCSGSLVER, 34.3,  2,   5598,    31.24,  2045.97, 2045.97063
 , , , ,TPVSEHVTKCCSGSLVER, 49.9,  4,   5692,    31.56,  2045.97, 2045.97573
 , , , ,TPVSEHVTKCCSGSLVER, 59.5,  3,   5688,    31.55,  2045.97, 2045.97580
 , , , ,TPVSEHVTKCCSGSLVER, 52.6,  4,   5587,    31.22,  2045.97, 2045.97646
 , , , ,TPVSEHVTKCCSGSLVER, 66.6,  3,   5580,    31.20,  2045.97, 2045.97745
 , , , ,VNKECCHGDLLECADDR, 54.2,  3,   5907,    32.34,  2090.87, 2090.87052
 , , , ,ENYGELADCCTKQEPER, 25.1,  3,   8578,    39.68,  2098.88, 2098.88230
 , , , ,CSYDEHAKLVQEVTDFAK, 39.3,  2,  23336,    77.38,  2140.00, 2139.99541
 , , , ,CSYDEHAKLVQEVTDFAK, 78.3,  2,  23474,    77.73,  2140.00, 2139.99590
 , , , ,CSYDEHAKLVQEVTDFAK, 55.3,  3,  23692,    78.27,  2140.00, 2140.00064
 , , , ,CSYDEHAKLVQEVTDFAK, 43.5,  4,  23424,    77.60,  2140.00, 2140.00307
 , , , ,CSYDEHAKLVQEVTDFAK, 34.8,  4,  23561,    77.95,  2140.00, 2140.00381
 , , , ,CSYDEHAKLVQEVTDFAK, 79.6,  3,  23548,    77.92,  2140.00, 2140.00394
 , , , ,CSYDEHAKLVQEVTDFAK, 65.4,  3,  23413,    77.58,  2140.00, 2140.00412
 , , , ,AETFTFHSDICTLPEKEK, 40.5,  3,  17244,    61.77,  2153.02, 2153.02420
 , , , ,QTALAELVKHKPKATAEQLK, 44.4,  3,  10193,    43.85,  2204.28, 2204.27945
 , , , ,QTALAELVKHKPKATAEQLK, 44.1,  3,  10072,    43.51,  2204.28, 2204.28147
 , , , ,CSSMQKFGERAFKAWAVAR, 36.2,  3,  20692,    70.60,  2230.10, 2230.09861
 , , , ,CSSMQKFGERAFKAWAVAR, 34.1,  4,  20656,    70.51,  2230.10, 2230.10244
 , , , ,ECCHGDLLECADDRAELAK, 32.9,  3,  13138,    51.60,  2261.96, 2261.95621
 , , , ,ECCHGDLLECADDRAELAK, 37.4,  3,  13277,    51.94,  2261.96, 2261.95914
 , , , ,ECCHGDLLECADDRAELAK, 26.5,  3,  13433,    52.30,  2261.96, 2261.95987
 , , , ,ECCHGDLLECADDRAELAK, 24.9,  4,  13432,    52.30,  2261.96, 2262.96181
 , , , ,AADKDTCFSTEGPNLVTRCK, 39.8,  2,  10728,    45.25,  2270.05, 2270.05278
 , , , ,AADKDTCFSTEGPNLVTRCK, 54.5,  3,  10797,    45.45,  2270.05, 2270.05368
 , , , ,AADKDTCFSTEGPNLVTRCK, 40.2,  4,  10771,    45.37,  2270.05, 2270.05410
 , , , ,AADKDTCFSTEGPNLVTRCK, 68.7,  3,  10665,    45.10,  2270.05, 2270.05405
 , , , ,AADKDTCFSTEGPNLVTRCK, 31.9,  3,  10929,    45.79,  2270.05, 2270.05442
 , , , ,RPCFSALTVDETYVPKEFK, 55.8,  3,  25401,    82.77,  2287.14, 2287.14182
 , , , ,RPCFSALTVDETYVPKEFK, 45.7,  3,  25692,    83.48,  2287.14, 2287.14255
 , , , ,RPCFSALTVDETYVPKEFK, 58.0,  3,  25539,    83.11,  2287.14, 2287.14438
 , , , ,RPCFSALTVDETYVPKEFK, 45.8,  4,  25720,    83.54,  2287.14, 2287.14492
 , , , ,RPCFSALTVDETYVPKEFK, 47.1,  4,  25429,    82.84,  2287.14, 2287.14565
 , , , ,RPCFSALTVDETYVPKEFK, 41.0,  4,  25576,    83.20,  2287.14, 2287.14687
 , , , ,YTQKAPQVSTPTLVEAARNLGR, 59.3,  4,  21830,    73.42,  2400.30, 2400.29897
 , , , ,YTQKAPQVSTPTLVEAARNLGR, 50.7,  4,  21565,    72.74,  2400.30, 2400.29922
 , , , ,YTQKAPQVSTPTLVEAARNLGR, 37.3,  3,  21689,    73.05,  2400.30, 2400.29990
 , , , ,YTQKAPQVSTPTLVEAARNLGR, 32.3,  3,  21410,    72.35,  2400.30, 2400.30008
 , , , ,YTQKAPQVSTPTLVEAARNLGR, 59.7,  4,  21287,    72.04,  2400.30, 2400.30044
 , , , ,YTQKAPQVSTPTLVEAARNLGR, 46.0,  4,  21702,    73.08,  2400.30, 2400.30044
 , , , ,YTQKAPQVSTPTLVEAARNLGR, 57.4,  4,  20858,    71.01,  2400.30, 2400.30068
 , , , ,YTQKAPQVSTPTLVEAARNLGR, 56.5,  4,  21144,    71.70,  2400.30, 2400.30117
 , , , ,YTQKAPQVSTPTLVEAARNLGR, 51.7,  4,  21430,    72.40,  2400.30, 2400.30117
 , , , ,YTQKAPQVSTPTLVEAARNLGR, 31.9,  3,  21126,    71.66,  2400.30, 2400.30155
 , , , ,YTQKAPQVSTPTLVEAARNLGR, 47.1,  4,  21002,    71.36,  2400.30, 2400.30166
 , , , ,YTQKAPQVSTPTLVEAARNLGR, 61.3,  4,  22098,    74.11,  2400.30, 2401.29507
 , , , ,YTQKAPQVSTPTLVEAARNLGR, 47.8,  4,  22227,    74.45,  2400.30, 2401.29629
 , , , ,LSQTFPNADFAEITKLATDLTK, 65.4,  2,  43494,   133.07,  2424.27, 2424.26567
 , , , ,LSQTFPNADFAEITKLATDLTK, 74.2,  3,  43581,   133.33,  2424.27, 2424.26676
 , , , ,LSQTFPNADFAEITKLATDLTK, 79.8,  3,  43693,   133.69,  2424.27, 2424.26676
 , , , ,LSQTFPNADFAEITKLATDLTK,114.8,  2,  43608,   133.42,  2424.27, 2424.27666
 , , , ,LSQTFPNADFAEITKLATDLTK, 41.2,  2,  43718,   133.76,  2424.27, 2425.24687
 , , , ,LSQTFPNADFAEITKLATDLTK, 33.7,  2,  43478,   133.02,  2424.27, 2425.27666
 , , , ,TCVADESAANCDKSLHTLFGDK, 65.3,  3,  17967,    63.55,  2439.09, 2439.09079
 , , , ,TCVADESAANCDKSLHTLFGDK, 43.8,  4,  17758,    63.04,  2439.09, 2439.09170
 , , , ,TCVADESAANCDKSLHTLFGDK, 72.0,  3,  17824,    63.20,  2439.09, 2439.09244
 , , , ,TCVADESAANCDKSLHTLFGDK, 32.8,  4,  17898,    63.38,  2439.09, 2439.09341
 , , , ,GLVLIAFSQYLQKCSYDEHAK, 47.9,  3,  34078,   105.77,  2470.24, 2470.24564
 , , , ,TNCDLYEKLGEYGFQNAILVR, 92.3,  2,  36242,   111.16,  2503.23, 2503.22295
 , , , ,TNCDLYEKLGEYGFQNAILVR, 81.4,  2,  36498,   111.84,  2503.23, 2503.22661
 , , , ,TNCDLYEKLGEYGFQNAILVR, 92.7,  2,  36373,   111.50,  2503.23, 2503.22685
 , , , ,TNCDLYEKLGEYGFQNAILVR, 57.7,  2,  36768,   112.55,  2503.23, 2503.22881
 , , , ,TNCDLYEKLGEYGFQNAILVR, 72.7,  2,  36630,   112.19,  2503.23, 2503.22954
 , , , ,TNCDLYEKLGEYGFQNAILVR, 94.1,  3,  36767,   112.55,  2503.23, 2503.23227
 , , , ,TNCDLYEKLGEYGFQNAILVR, 35.2,  4,  36510,   111.88,  2503.23, 2503.23354
 , , , ,TNCDLYEKLGEYGFQNAILVR,121.3,  3,  36629,   112.19,  2503.23, 2503.23429
 , , , ,TNCDLYEKLGEYGFQNAILVR, 89.6,  3,  36497,   111.84,  2503.23, 2503.23447
 , , , ,TNCDLYEKLGEYGFQNAILVR,108.7,  3,  36372,   111.50,  2503.23, 2503.23703
 , , , ,TNCDLYEKLGEYGFQNAILVR, 58.8,  4,  36385,   111.53,  2503.23, 2503.23867
 , , , ,TNCDLYEKLGEYGFQNAILVR, 60.9,  3,  36239,   111.15,  2503.23, 2504.23587
 , , , ,TNCDLYEKLGEYGFQNAILVR, 38.4,  4,  36251,   111.18,  2503.23, 2504.24062
 , , , ,AETFTFHSDICTLPEKEKQIK, 40.0,  3,  16729,    60.50,  2522.26, 2522.25840
 , , , ,EFKAETFTFHSDICTLPEKEK, 48.0,  3,  20137,    69.17,  2557.23, 2557.22568
 , , , ,EFKAETFTFHSDICTLPEKEK, 35.7,  4,  20135,    69.17,  2557.23, 2557.22890
 , , , ,LVQEVTDFAKTCVADESAANCDK, 69.3,  3,  24500,    80.46,  2571.17, 2571.16935
 , , , ,LVQEVTDFAKTCVADESAANCDK, 60.7,  3,  24636,    80.80,  2571.17, 2571.16971
 , , , ,ATAEQLKTVMDDFAQFLDTCCK, 72.7,  2,  46253,   141.62,  2592.18, 2592.17827
 , , , ,ATAEQLKTVMDDFAQFLDTCCK, 72.5,  3,  46197,   141.44,  2592.18, 2592.18290
 , , , ,ATAEQLKTVMDDFAQFLDTCCK, 77.2,  3,  46312,   141.79,  2592.18, 2592.18326
 , , , ,ATAEQLKTVMDDFAQFLDTCCK, 49.1,  4,  46283,   141.70,  2592.18, 2592.18349
 , , , ,ATAEQLKTVMDDFAQFLDTCCK, 74.8,  3,  46419,   142.13,  2592.18, 2592.18583
 , , , ,ATAEQLKTVMDDFAQFLDTCCK, 49.9,  3,  46727,   143.19,  2592.18, 2593.17185
 , , , ,ATAEQLKTVMDDFAQFLDTCCK, 55.4,  2,  46383,   142.01,  2592.18, 2593.17436
 , , , ,ATAEQLKTVMDDFAQFLDTCCK, 60.7,  3,  46521,   142.48,  2592.18, 2593.18924
 , , , ,VNKECCHGDLLECADDRAELAK, 47.4,  3,  10546,    44.80,  2603.16, 2603.16190
 , , , ,VNKECCHGDLLECADDRAELAK, 49.0,  3,  10406,    44.45,  2603.16, 2603.16355
 , , , ,ATAEQLKTVMDDFAQFLDTCCK, 48.6,  3,  37966,   116.01,  2608.17, 2609.16575
 , , , ,AADKDTCFSTEGPNLVTRCKDALA, 47.7,  3,  18617,    65.23,  2640.24, 2640.23893
 , , , ,AADKDTCFSTEGPNLVTRCKDALA, 56.5,  3,  18495,    64.89,  2640.24, 2640.23893
 , , , ,AADKDTCFSTEGPNLVTRCKDALA, 35.5,  3,  18882,    65.93,  2640.24, 2640.23929
 , , , ,AADKDTCFSTEGPNLVTRCKDALA, 42.6,  3,  18359,    64.54,  2640.24, 2640.24039
 , , , ,AADKDTCFSTEGPNLVTRCKDALA, 37.1,  4,  18380,    64.59,  2640.24, 2640.24258
 , , , ,AADKDTCFSTEGPNLVTRCKDALA, 60.7,  3,  18224,    64.20,  2640.24, 2640.24369
 , , , ,AADKDTCFSTEGPNLVTRCKDALA, 38.5,  4,  18511,    64.94,  2640.24, 2640.24477
 , , , ,AADKDTCFSTEGPNLVTRCKDALA, 46.2,  3,  18095,    63.86,  2640.24, 2640.24991
 , , , ,AADKDTCFSTEGPNLVTRCKDALA, 39.8,  3,  17954,    63.52,  2640.24, 2641.23868
 , , , ,AFKAWAVARLSQTFPNADFAEITK, 33.1,  3,  34592,   107.04,  2682.40, 2682.40592
 , , , ,AFKAWAVARLSQTFPNADFAEITK, 44.5,  4,  34591,   107.03,  2682.40, 2682.41030
 , , , ,YNDLGEQHFKGLVLIAFSQYLQK, 40.4,  3,  40899,   124.83,  2711.42, 2711.42026
 , , , ,YNDLGEQHFKGLVLIAFSQYLQK, 34.8,  4,  40932,   124.92,  2711.42, 2711.42446
 , , , ,YNDLGEQHFKGLVLIAFSQYLQK, 41.3,  4,  41175,   125.68,  2711.42, 2711.42519
 , , , ,YNDLGEQHFKGLVLIAFSQYLQK, 42.0,  3,  40781,   124.48,  2711.42, 2711.42557
 , , , ,YNDLGEQHFKGLVLIAFSQYLQK, 40.7,  3,  40665,   124.14,  2711.42, 2712.41397
 , , , ,YNDLGEQHFKGLVLIAFSQYLQK, 34.0,  4,  40695,   124.22,  2711.42, 2712.41714
 , , , ,YNDLGEQHFKGLVLIAFSQYLQK, 33.9,  4,  40807,   124.57,  2711.42, 2712.42715
 , , , ,LSQTFPNADFAEITKLATDLTKVNK, 50.9,  4,  41736,   127.55,  2765.47, 2766.47841
 , , , ,YTQKAPQVSTPTLVEAARNLGRVGTK, 30.1,  4,  21898,    73.59,  2785.53, 2785.52944
 , , , ,YMCENQATISSKLQTCCDKPLLK, 46.5,  3,  17185,    61.63,  2788.31, 2788.31064
 , , , ,YMCENQATISSKLQTCCDKPLLK, 44.3,  3,  17040,    61.28,  2788.31, 2788.31266
 , , , ,YMCENQATISSKLQTCCDKPLLK, 37.0,  4,  17472,    62.32,  2788.31, 2788.31557
 , , , ,YMCENQATISSKLQTCCDKPLLK, 35.5,  4,  17614,    62.67,  2788.31, 2788.31557
 , , , ,YMCENQATISSKLQTCCDKPLLK, 44.7,  4,  17184,    61.63,  2788.31, 2788.31875
 , , , ,YMCENQATISSKLQTCCDKPLLK, 50.9,  4,  17039,    61.27,  2788.31, 2788.31997
 , , , ,YMCENQATISSKLQTCCDKPLLK, 47.3,  3,  17330,    61.98,  2788.31, 2789.31278
 , , , ,YMCENQATISSKLQTCCDKPLLK, 36.4,  3,  17065,    61.33,  2804.31, 2804.29850
 , , , ,YMCENQATISSKLQTCCDKPLLK, 38.9,  4,  16947,    61.05,  2804.31, 2804.30337
 , , , ,YMCENQATISSKLQTCCDKPLLK, 45.7,  3,  15216,    56.73,  2804.31, 2804.30564
 , , , ,YMCENQATISSKLQTCCDKPLLK, 44.4,  4,  16366,    59.64,  2804.31, 2804.30800
 , , , ,YMCENQATISSKLQTCCDKPLLK, 46.5,  4,  15125,    56.49,  2804.31, 2804.31045
 , , , ,YMCENQATISSKLQTCCDKPLLK, 47.3,  4,  15396,    57.19,  2804.31, 2804.31093
 , , , ,YMCENQATISSKLQTCCDKPLLK, 42.9,  4,  16082,    58.93,  2804.31, 2804.31338
 , , , ,YMCENQATISSKLQTCCDKPLLK, 41.7,  4,  15949,    58.59,  2804.31, 2804.31508
 , , , ,YMCENQATISSKLQTCCDKPLLK, 33.1,  4,  16666,    60.35,  2804.31, 2805.30947
 , , , ,YMCENQATISSKLQTCCDKPLLK, 55.2,  4,  16515,    59.99,  2804.31, 2805.31045
 , , , ,YMCENQATISSKLQTCCDKPLLK, 44.1,  4,  15260,    56.84,  2804.31, 2805.31264
 , , , ,YMCENQATISSKLQTCCDKPLLK, 47.6,  4,  16220,    59.28,  2804.31, 2805.31313
 , , , ,YMCENQATISSKLQTCCDKPLLK, 43.0,  4,  15812,    58.24,  2804.31, 2805.31338
 , , , ,YMCENQATISSKLQTCCDKPLLK, 50.6,  4,  15537,    57.54,  2804.31, 2805.31435
 , , , ,YMCENQATISSKLQTCCDKPLLK, 41.0,  4,  15677,    57.90,  2804.31, 2805.31582
 , , , ,CCTLPEDQRLPCVEDYLSAILNR, 36.9,  3,  42692,   130.44,  2822.33, 2822.32724
 , , , ,CCTLPEDQRLPCVEDYLSAILNR, 48.7,  3,  42579,   130.10,  2822.33, 2823.32828
 , , , ,CCTLPEDQRLPCVEDYLSAILNR, 39.2,  3,  42801,   130.78,  2822.33, 2823.33469
 , , , ,YMCENQATISSKLQTCCDKPLLKK, 43.8,  3,  13801,    53.15,  2916.41, 2916.40390
 , , , ,YMCENQATISSKLQTCCDKPLLKK, 37.9,  3,  13651,    52.81,  2916.41, 2916.40628
 , , , ,YMCENQATISSKLQTCCDKPLLKK, 44.9,  3,  13501,    52.46,  2916.41, 2916.41013
 , , , ,VCLLHEKTPVSEHVTKCCSGSLVER, 47.8,  3,  10559,    44.83,  2925.44, 2925.43320
 , , , ,VCLLHEKTPVSEHVTKCCSGSLVER, 43.0,  3,  10698,    45.18,  2925.44, 2925.43540
 , , , ,VCLLHEKTPVSEHVTKCCSGSLVER, 54.6,  4,  10667,    45.10,  2925.44, 2925.43886
 , , , ,VCLLHEKTPVSEHVTKCCSGSLVER, 52.2,  4,  10527,    44.75,  2925.44, 2925.44131
 , , , ,YMCENQATISSKLQTCCDKPLLKK, 38.7,  4,  11870,    48.26,  2932.40, 2932.40151
 , , , ,YMCENQATISSKLQTCCDKPLLKK, 33.3,  4,  11740,    47.91,  2932.40, 2932.40566
 , , , ,YMCENQATISSKLQTCCDKPLLKK, 34.4,  3,  11765,    47.98,  2932.40, 2933.39957
 , , , ,YMCENQATISSKLQTCCDKPLLKK, 45.3,  4,  12179,    48.99,  2932.40, 2933.40542
 , , , ,CCAEANPPACYGTVLAEFQPLVEEPK, 56.9,  3,  40185,   122.60,  2950.34, 2950.34159
 , , , ,NLVKTNCDLYEKLGEYGFQNAILVR, 70.2,  3,  34605,   107.07,  2957.52, 2957.52152
 , , , ,NLVKTNCDLYEKLGEYGFQNAILVR, 45.4,  4,  34852,   107.68,  2957.52, 2957.52260
 , , , ,NLVKTNCDLYEKLGEYGFQNAILVR, 49.7,  4,  34711,   107.32,  2957.52, 2957.52334
 , , , ,NLVKTNCDLYEKLGEYGFQNAILVR, 43.4,  4,  34998,   108.02,  2957.52, 2957.52505
 , , , ,NLVKTNCDLYEKLGEYGFQNAILVR, 48.5,  4,  34570,   106.98,  2957.52, 2957.52651
 , , , ,NLVKTNCDLYEKLGEYGFQNAILVR, 34.2,  4,  35146,   108.39,  2957.52, 2958.51040
 , , , ,NLVKTNCDLYEKLGEYGFQNAILVR, 45.0,  4,  34420,   106.62,  2957.52, 2958.51186
 , , , ,TNCDLYEKLGEYGFQNAILVRYTQK, 50.2,  3,  35366,   108.94,  3023.49, 3023.48856
 , , , ,TNCDLYEKLGEYGFQNAILVRYTQK, 41.2,  4,  35350,   108.90,  3023.49, 3023.48891
 , , , ,HKPKATAEQLKTVMDDFAQFLDTCCK, 69.6,  3,  35324,   108.83,  3082.48, 3082.47800
 , , , ,HKPKATAEQLKTVMDDFAQFLDTCCK, 46.1,  3,  35469,   109.19,  3082.48, 3082.47947
 , , , ,HKPKATAEQLKTVMDDFAQFLDTCCK, 40.6,  5,  35576,   109.46,  3082.48, 3082.48579
 , , , ,HKPKATAEQLKTVMDDFAQFLDTCCK, 34.3,  4,  35385,   108.99,  3082.48, 3082.48672
 , , , ,HKPKATAEQLKTVMDDFAQFLDTCCK, 43.8,  3,  35742,   109.90,  3082.48, 3083.48032
 , , , ,HKPKATAEQLKTVMDDFAQFLDTCCK, 58.1,  3,  35606,   109.54,  3082.48, 3083.48069
 , , , ,HKPKATAEQLKTVMDDFAQFLDTCCK, 40.8,  4,  27034,    87.06,  3098.47, 3098.47646
 , , , ,VGTKCCTLPEDQRLPCVEDYLSAILNR, 49.0,  3,  38947,   118.86,  3207.56, 3207.55735
 , , , ,VGTKCCTLPEDQRLPCVEDYLSAILNR, 35.2,  3,  38580,   117.81,  3207.56, 3207.55771
 , , , ,VGTKCCTLPEDQRLPCVEDYLSAILNR, 56.0,  3,  38704,   118.17,  3207.56, 3207.55771
 , , , ,VGTKCCTLPEDQRLPCVEDYLSAILNR, 54.4,  3,  38823,   118.51,  3207.56, 3207.55881
 , , , ,VGTKCCTLPEDQRLPCVEDYLSAILNR, 43.2,  4,  38552,   117.73,  3207.56, 3207.56191
 , , , ,VGTKCCTLPEDQRLPCVEDYLSAILNR, 45.3,  4,  38791,   118.42,  3207.56, 3207.56338
 , , , ,VGTKCCTLPEDQRLPCVEDYLSAILNR, 35.5,  4,  38910,   118.76,  3207.56, 3207.56411
 , , , ,VGTKCCTLPEDQRLPCVEDYLSAILNR, 43.8,  4,  38673,   118.08,  3207.56, 3207.56460
 , , , ,VGTKCCTLPEDQRLPCVEDYLSAILNR, 51.5,  4,  39150,   119.46,  3207.56, 3208.55947
 , , , ,VGTKCCTLPEDQRLPCVEDYLSAILNR, 44.4,  4,  39031,   119.11,  3207.56, 3208.56533
 , , , ,VGTKCCTLPEDQRLPCVEDYLSAILNR, 34.3,  4,  38437,   117.39,  3207.56, 3208.56850
 , , , ,TCVADESAANCDKSLHTLFGDKLCAIPNLR, 33.1,  5,  28877,    92.10,  3376.61, 3376.60902
 , , , ,CCAEANPPACYGTVLAEFQPLVEEPKNLVK, 45.3,  3,  39830,   121.47,  3404.63, 3404.63010
 , , , ,LGEYGFQNAILVRYTQKAPQVSTPTLVEAAR, 34.9,  3,  32781,   102.48,  3420.83, 3420.82212
 , , , ,LGEYGFQNAILVRYTQKAPQVSTPTLVEAAR, 47.8,  3,  32649,   102.14,  3420.83, 3420.82431
 , , , ,CSYDEHAKLVQEVTDFAKTCVADESAANCDK, 61.8,  4,  31765,    99.84,  3561.56, 3561.56118
 , , , ,GLVLIAFSQYLQKCSYDEHAKLVQEVTDFAK, 35.2,  4,  44565,   136.41,  3600.84, 3601.84682
 , , , ,KAHCLSEVEHDTMPADLPAIAADFVEDQEVCK, 47.3,  4,  35751,   109.92,  3625.66, 3626.66738
 , , , ,ECCHGDLLECADDRAELAKYMCENQATISSK, 31.1,  4,  25655,    83.39,  3674.56, 3675.56435
 , , , ,TVMDDFAQFLDTCCKAADKDTCFSTEGPNLVTR, 46.9,  3,  40796,   124.53,  3813.69, 3813.67673
 , , , ,TVMDDFAQFLDTCCKAADKDTCFSTEGPNLVTR, 42.6,  3,  40682,   124.19,  3813.69, 3813.68332
 , , , ,TVMDDFAQFLDTCCKAADKDTCFSTEGPNLVTR, 50.6,  4,  40657,   124.11,  3813.69, 3813.68813
 , , , ,TVMDDFAQFLDTCCKAADKDTCFSTEGPNLVTR, 46.0,  4,  40773,   124.45,  3813.69, 3813.69082
 , , , ,TVMDDFAQFLDTCCKAADKDTCFSTEGPNLVTR, 44.3,  4,  40884,   124.79,  3813.69, 3813.69131
 , , , ,TVMDDFAQFLDTCCKAADKDTCFSTEGPNLVTR, 36.3,  4,  40997,   125.14,  3813.69, 3813.69155
 , , , ,TVMDDFAQFLDTCCKAADKDTCFSTEGPNLVTR, 45.3,  4,  35515,   109.31,  3829.68, 3829.68398
 , , , ,TVMDDFAQFLDTCCKAADKDTCFSTEGPNLVTR, 34.9,  4,  36068,   110.73,  3829.68, 3829.68447
 , , , ,TVMDDFAQFLDTCCKAADKDTCFSTEGPNLVTR, 30.2,  3,  35458,   109.16,  3829.68, 3830.67038
 , , , ,EAHKSEIAHRYNDLGEQHFKGLVLIAFSQYLQK, 79.0,  4,  31269,    98.54,  3870.01, 3870.00893
 , , , ,EAHKSEIAHRYNDLGEQHFKGLVLIAFSQYLQK, 34.3,  5,  31624,    99.47,  3870.01, 3870.01020
 , , , ,EAHKSEIAHRYNDLGEQHFKGLVLIAFSQYLQK, 33.7,  5,  31497,    99.12,  3870.01, 3870.01051
 , , , ,EAHKSEIAHRYNDLGEQHFKGLVLIAFSQYLQK, 35.8,  5,  31227,    98.42,  3870.01, 3870.01203
 , , , ,EAHKSEIAHRYNDLGEQHFKGLVLIAFSQYLQK, 33.8,  4,  31410,    98.90,  3870.01, 3870.01211
 , , , ,EAHKSEIAHRYNDLGEQHFKGLVLIAFSQYLQK, 37.7,  5,  32843,   102.65,  3870.01, 3870.99165
 , , , ,EAHKSEIAHRYNDLGEQHFKGLVLIAFSQYLQK, 43.4,  5,  32710,   102.29,  3870.01, 3870.99439
 , , , ,KYEATLEKCCAEANPPACYGTVLAEFQPLVEEPK, 40.9,  4,  34429,   106.64,  3912.85, 3913.85146
 , , , ,VNKECCHGDLLECADDRAELAKYMCENQATISSK, 41.2,  4,  22791,    75.93,  4015.77, 4015.76650
 , , , ,AHCLSEVEHDTMPADLPAIAADFVEDQEVCKNYAEAK, 64.3,  4,  37120,   113.51,  4173.88, 4173.88296
 , , , ,AHCLSEVEHDTMPADLPAIAADFVEDQEVCKNYAEAK, 40.0,  5,  37184,   113.70,  4173.88, 4173.88441
 , , , ,AHCLSEVEHDTMPADLPAIAADFVEDQEVCKNYAEAK, 70.3,  4,  36992,   113.18,  4173.88, 4173.88735
 , , , ,KAHCLSEVEHDTMPADLPAIAADFVEDQEVCKNYAEAK, 55.0,  4,  34142,   105.93,  4301.98, 4301.97964
 , , , ,KAHCLSEVEHDTMPADLPAIAADFVEDQEVCKNYAEAK, 61.2,  4,  34279,   106.27,  4301.98, 4301.98257
 , , , ,KAHCLSEVEHDTMPADLPAIAADFVEDQEVCKNYAEAK, 36.2,  5,  34135,   105.91,  4301.98, 4301.98377
 , , , ,KYEATLEKCCAEANPPACYGTVLAEFQPLVEEPKNLVK, 44.4,  4,  35271,   108.71,  4367.14, 4367.13686
 , , , ,HPYFYAPELLYYAEQYNEILTQCCAEADKESCLTPK, 48.9,  4,  45852,   140.37,  4415.00, 4415.02065
 , , , ,TNCDLYEKLGEYGFQNAILVRYTQKAPQVSTPTLVEAAR, 38.2,  4,  37574,   114.85,  4444.26, 4444.25600
 , , , ,TNCDLYEKLGEYGFQNAILVRYTQKAPQVSTPTLVEAAR, 43.5,  5,  37790,   115.50,  4444.26, 4444.26008
 , , , ,TNCDLYEKLGEYGFQNAILVRYTQKAPQVSTPTLVEAAR, 34.0,  5,  37671,   115.14,  4444.26, 4444.26466
 , , , ,ATAEQLKTVMDDFAQFLDTCCKAADKDTCFSTEGPNLVTR, 53.2,  4,  45503,   139.27,  4555.09, 4555.08462
 , , , ,ATAEQLKTVMDDFAQFLDTCCKAADKDTCFSTEGPNLVTR, 55.5,  4,  45287,   138.57,  4555.09, 4555.08559
 , , , ,ATAEQLKTVMDDFAQFLDTCCKAADKDTCFSTEGPNLVTR, 97.8,  4,  44950,   137.54,  4555.09, 4555.08706
 , , , ,ATAEQLKTVMDDFAQFLDTCCKAADKDTCFSTEGPNLVTR, 70.6,  4,  44837,   137.20,  4555.09, 4555.08901
 , , , ,ATAEQLKTVMDDFAQFLDTCCKAADKDTCFSTEGPNLVTR, 84.2,  4,  45168,   138.23,  4555.09, 4555.08999
 , , , ,ATAEQLKTVMDDFAQFLDTCCKAADKDTCFSTEGPNLVTR, 69.8,  4,  45057,   137.88,  4555.09, 4555.09194
 , , , ,ATAEQLKTVMDDFAQFLDTCCKAADKDTCFSTEGPNLVTR, 59.4,  5,  44855,   137.26,  4555.09, 4555.09443
 , , , ,ATAEQLKTVMDDFAQFLDTCCKAADKDTCFSTEGPNLVTR, 72.8,  5,  44971,   137.61,  4555.09, 4555.09535
 , , , ,ATAEQLKTVMDDFAQFLDTCCKAADKDTCFSTEGPNLVTR, 78.1,  5,  45192,   138.29,  4555.09, 4555.10023
 , , , ,ATAEQLKTVMDDFAQFLDTCCKAADKDTCFSTEGPNLVTR, 59.1,  5,  45080,   137.95,  4555.09, 4555.10023
 , , , ,ATAEQLKTVMDDFAQFLDTCCKAADKDTCFSTEGPNLVTR, 36.3,  5,  46296,   141.74,  4555.09, 4556.09327
 , , , ,ATAEQLKTVMDDFAQFLDTCCKAADKDTCFSTEGPNLVTR, 65.7,  4,  39209,   119.64,  4571.08, 4571.08510
 , , , ,ATAEQLKTVMDDFAQFLDTCCKAADKDTCFSTEGPNLVTR, 56.3,  5,  39204,   119.61,  4571.08, 4571.08656
 , , , ,RHPYFYAPELLYYAEQYNEILTQCCAEADKESCLTPK, 34.9,  4,  42713,   130.51,  4571.10, 4571.09243
 , , , ,RHPYFYAPELLYYAEQYNEILTQCCAEADKESCLTPK, 39.6,  5,  42587,   130.12,  4571.10, 4571.09998
 , , , ,RHPYFYAPELLYYAEQYNEILTQCCAEADKESCLTPK, 46.9,  5,  42698,   130.46,  4571.10, 4571.10639
 , , , ,YNDLGEQHFKGLVLIAFSQYLQKCSYDEHAKLVQEVTDFAK, 34.7,  5,  43978,   134.61,  4832.40, 4832.40522
TRFE_MOUSE, Serotransferrin OS=Mus musculus GN=Tf PE=1 SV=1, 2014.1,      697,DSAFGLLR, 38.6,  2,  21277,    72.02,   878.47,  878.47270
 , , , ,IPSHAVVAR, 44.8,  2,   1900,    19.51,   949.56,  949.55791
 , , , ,IPSHAVVAR, 41.4,  2,   1811,    19.17,   949.56,  949.55809
 , , , ,TVLPPDGPR, 38.5,  2,   6149,    33.04,   951.53,  951.52391
 , , , ,TVLPPDGPR, 38.5,  2,   6284,    33.39,   951.53,  951.52477
 , , , ,TVLPPDGPR, 38.6,  2,   6535,    34.10,   951.53,  951.52495
 , , , ,TVLPPDGPR, 35.7,  2,   6402,    33.74,   951.53,  951.52538
 , , , ,TVLPPDGPR, 38.9,  2,   6780,    34.78,   951.53,  951.52550
 , , , ,TVLPPDGPR, 32.6,  2,   6023,    32.70,   951.53,  951.52550
 , , , ,TVLPPDGPR, 40.5,  2,   6897,    35.11,   951.53,  951.52550
 , , , ,TVLPPDGPR, 36.3,  2,   6667,    34.44,   951.53,  951.52556
 , , , ,TVLPPDGPR, 38.4,  2,   5912,    32.36,   951.53,  951.52562
 , , , ,TVLPPDGPR, 38.1,  2,   5727,    31.67,   951.53,  951.52568
 , , , ,TVLPPDGPR, 38.0,  2,   5821,    32.02,   951.53,  951.52587
 , , , ,TVLPPDGPR, 33.0,  2,   7365,    36.37,   951.53,  951.52593
 , , , ,TVLPPDGPR, 31.9,  2,   7252,    36.02,   951.53,  951.52611
 , , , ,TVLPPDGPR, 35.6,  2,   7022,    35.45,   951.53,  951.52611
 , , , ,TVLPPDGPR, 36.7,  2,   7624,    37.07,   951.53,  951.52678
 , , , ,GYYAVAVVK, 33.7,  2,  12016,    48.61,   969.54,  969.54009
 , , , ,GYYAVAVVK, 31.3,  2,  11869,    48.26,   969.54,  969.54051
 , , , ,GYYAVAVVK, 37.0,  2,  11621,    47.58,   969.54,  969.54058
 , , , ,KTSYPDCIK, 33.0,  2,   2583,    21.83,  1111.55, 1111.54509
 , , , ,LSEPRSPLEK, 30.8,  2,   5824,    32.03,  1155.64, 1155.63787
 , , , ,WCALSHLER, 31.7,  3,  11238,    46.55,  1171.57, 1171.56736
 , , , ,CISFRDHMK, 31.0,  2,   3804,    25.78,  1193.56, 1193.55718
 , , , ,LLEACTFHKH, 37.7,  3,   4072,    26.68,  1255.63, 1255.62476
 , , , ,LLEACTFHKH, 62.9,  2,   3954,    26.30,  1255.63, 1255.62480
 , , , ,LLEACTFHKH, 44.1,  3,   3968,    26.34,  1255.63, 1255.62485
 , , , ,LLEACTFHKH, 45.5,  2,   4063,    26.64,  1255.63, 1255.62566
 , , , ,LLEACTFHKH, 36.3,  3,   3632,    25.31,  1255.63, 1255.62577
 , , , ,LLEACTFHKH, 40.2,  2,   4158,    26.98,  1255.63, 1255.62578
 , , , ,LLEACTFHKH, 50.4,  3,   3869,    26.00,  1255.63, 1255.62632
 , , , ,LLEACTFHKH, 66.9,  2,   3854,    25.96,  1255.63, 1255.62639
 , , , ,LLEACTFHKH, 51.2,  3,   3760,    25.66,  1255.63, 1255.62705
 , , , ,LLEACTFHKH, 64.7,  2,   3745,    25.62,  1255.63, 1255.62749
 , , , ,ASDTSITWNNLK, 66.5,  2,  17066,    61.34,  1349.67, 1349.67058
 , , , ,GTDFQLNQLEGK, 47.8,  2,  18712,    65.50,  1349.67, 1350.67314
 , , , ,ASDTSITWNNLK, 52.3,  2,  16927,    60.99,  1349.67, 1350.67363
 , , , ,WCAVSEHENTK, 52.6,  2,   2771,    22.35,  1360.60, 1360.59416
 , , , ,WCAVSEHENTK, 39.5,  3,   2772,    22.35,  1360.60, 1360.59455
 , , , ,CLVEKGDVAFVK, 52.5,  3,  12496,    49.86,  1364.72, 1364.72440
 , , , ,CLVEKGDVAFVK, 64.0,  2,  12449,    49.73,  1364.72, 1364.72466
 , , , ,LYLGHNYVTAIR, 39.8,  3,  16635,    60.27,  1419.77, 1419.77442
 , , , ,LYLGHNYVTAIR, 53.7,  3,  16472,    59.89,  1419.77, 1419.77570
 , , , ,SKDFQLFSSPLGK, 53.6,  2,  22522,    75.24,  1453.77, 1453.76860
 , , , ,DHMKTVLPPDGPR, 33.0,  2,   5905,    32.33,  1462.75, 1462.74211
 , , , ,KGTDFQLNQLEGK, 42.1,  3,  13180,    51.70,  1477.76, 1477.76355
 , , , ,DLLFKDSAFGLLR, 43.7,  3,  35978,   110.50,  1494.83, 1494.83274
 , , , ,ASDTSITWNNLKGK, 38.6,  2,  11583,    47.46,  1534.79, 1534.78459
 , , , ,YLGAEYMQSVGNMR, 79.1,  2,  24308,    79.94,  1618.74, 1618.73601
 , , , ,YLGAEYMQSVGNMR, 41.2,  2,  24176,    79.60,  1618.74, 1619.73186
 , , , ,TAGWNIPMGMLYNR, 41.5,  2,  34987,   108.00,  1623.78, 1623.77934
 , , , ,KPVDQYEDCYLAR, 51.3,  3,  10993,    45.97,  1656.77, 1656.76810
 , , , ,ASDTSITWNNLKGKK, 57.3,  3,   7191,    35.86,  1662.88, 1662.88401
 , , , ,LACVKKTSYPDCIK, 58.6,  2,   4873,    29.33,  1682.86, 1682.85808
 , , , ,LACVKKTSYPDCIK, 34.0,  3,   4957,    29.59,  1682.86, 1682.86228
 , , , ,LACVKKTSYPDCIK, 41.0,  3,   4847,    29.25,  1682.86, 1682.86283
 , , , ,YLGAEYMQSVGNMRK, 31.6,  2,  19091,    66.45,  1746.83, 1747.83110
 , , , ,CSTSRLLEACTFHKH, 39.1,  4,   6028,    32.71,  1846.87, 1846.86892
 , , , ,CSTSRLLEACTFHKH, 33.4,  3,   6012,    32.66,  1846.87, 1846.86948
 , , , ,CSTSRLLEACTFHKH, 44.3,  3,   6130,    33.00,  1846.87, 1846.87204
 , , , ,CAPNNKEEYNGYTGAFR, 38.2,  3,  10007,    43.36,  1990.87, 1990.87864
 , , , ,WCAVSEHENTKCISFR, 28.8,  4,  11748,    47.94,  2023.91, 2023.91176
 , , , ,WCAVSEHENTKCISFR, 30.2,  3,  11767,    47.99,  2023.91, 2024.91483
 , , , ,HQTVLDNTEGKNPAEWAK, 33.7,  3,  10845,    45.57,  2038.00, 2037.99698
 , , , ,HQTVLDNTEGKNPAEWAK, 72.7,  3,  10582,    44.89,  2038.00, 2037.99955
 , , , ,HQTVLDNTEGKNPAEWAK, 48.0,  3,  10446,    44.55,  2038.00, 2038.00303
 , , , ,CISFRDHMKTVLPPDGPR, 33.8,  3,  14625,    55.20,  2126.06, 2126.05771
 , , , ,SAGWVIPIGLLFCKLSEPR, 36.0,  3,  46320,   141.82,  2143.17, 2143.18082
 , , , ,AVSSFFSGSCVPCADPVAFPK, 30.8,  2,  33946,   105.42,  2230.03, 2230.02861
 , , , ,AVSSFFSGSCVPCADPVAFPK, 89.3,  2,  34077,   105.77,  2230.03, 2230.03057
 , , , ,GYYAVAVVKASDTSITWNNLK, 37.6,  3,  28994,    92.41,  2300.19, 2300.18973
 , , , ,AVLTSQETLFGGSDCTGNFCLFK, 66.8,  2,  38971,   118.93,  2552.18, 2552.17168
 , , , ,GDVAFVKHQTVLDNTEGKNPAEWAK, 50.6,  3,  16914,    60.96,  2754.38, 2754.37992
 , , , ,VKAVLTSQETLFGGSDCTGNFCLFK,131.4,  3,  34506,   106.83,  2779.34, 2779.34562
 , , , ,TKCDEWSIISEGKIECESAETTEDCIEK, 47.3,  4,  25355,    82.64,  3347.46, 3348.45156
 , , , ,CLVEKGDVAFVKHQTVLDNTEGKNPAEWAK, 34.8,  4,  19558,    67.70,  3383.71, 3383.70302
 , , , ,CLVEKGDVAFVKHQTVLDNTEGKNPAEWAK, 37.1,  5,  19639,    67.91,  3383.71, 3383.70649
 , , , ,CLVEKGDVAFVKHQTVLDNTEGKNPAEWAK, 61.0,  4,  19689,    68.04,  3383.71, 3383.70742
 , , , ,WCAVSEHENTKCISFRDHMKTVLPPDGPR, 33.4,  5,  16603,    60.20,  3467.64, 3468.64515
PZP_MOUSE, Pregnancy zone protein OS=Mus musculus GN=Pzp PE=1 SV=3, 1583.1,     1495,LLLQEVR, 29.6,  2,  12609,    50.15,   870.54,  870.54045
 , , , ,LLLQEVR, 33.9,  2,  12398,    49.60,   870.54,  870.54070
 , , , ,IVKWISK, 33.6,  2,   5266,    30.37,   873.56,  873.55559
 , , , ,IVKWISK, 43.6,  2,   5404,    30.72,   873.56,  873.55693
 , , , ,ALSFYQPR, 30.6,  2,  13671,    52.86,   981.52,  981.51494
 , , , ,ALSFYQPR, 40.9,  2,  13210,    51.77,   981.52,  981.51531
 , , , ,ALSFYQPR, 41.0,  2,  13515,    52.49,   981.52,  981.51561
 , , , ,ALSFYQPR, 43.9,  2,  13362,    52.13,   981.52,  981.51573
 , , , ,TVSWAVTPK, 53.5,  2,  11432,    47.04,   988.55,  988.54607
 , , , ,TVSWAVTPK, 53.1,  2,  11680,    47.74,   988.55,  988.54656
 , , , ,TVSWAVTPK, 53.0,  2,  11802,    48.09,   988.55,  988.54662
 , , , ,TVSWAVTPK, 54.0,  2,  11557,    47.39,   988.55,  988.54668
 , , , ,TVSWAVTPK, 48.6,  2,  11945,    48.44,   988.55,  988.54845
 , , , ,TVSWAVTPK, 38.9,  2,  11298,    46.70,   988.55,  988.55022
 , , , ,SELLESLNK, 50.6,  2,  13182,    51.71,  1032.56, 1032.55779
 , , , ,SELLESLNK, 38.4,  2,  13043,    51.36,  1032.56, 1032.55815
 , , , ,KTVSWAVTPK, 74.2,  2,   6301,    33.43,  1116.64, 1116.64104
 , , , ,KTVSWAVTPK, 83.7,  2,   6417,    33.78,  1116.64, 1116.64104
 , , , ,KTVSWAVTPK, 91.1,  2,   6168,    33.09,  1116.64, 1116.64128
 , , , ,KTVSWAVTPK, 40.5,  2,   6043,    32.75,  1116.64, 1116.64153
 , , , ,VKALSFYQPR, 34.9,  2,  11085,    46.19,  1208.68, 1208.67742
 , , , ,VKALSFYQPR, 41.4,  2,  10806,    45.47,  1208.68, 1208.67827
 , , , ,VKALSFYQPR, 48.8,  2,  10936,    45.81,  1208.68, 1208.67851
 , , , ,DLSSSDLSTASK, 60.3,  2,   7484,    36.71,  1210.58, 1210.58025
 , , , ,DLSSSDLSTASK, 59.9,  2,   7250,    36.02,  1210.58, 1210.58061
 , , , ,DLSSSDLSTASK, 66.7,  2,   6979,    35.33,  1210.58, 1210.58074
 , , , ,DLSSSDLSTASK, 69.3,  2,   7117,    35.67,  1210.58, 1210.58098
 , , , ,DLSSSDLSTASK, 49.2,  2,   7366,    36.37,  1210.58, 1210.58122
 , , , ,AINYLISGYQR, 39.0,  2,  20098,    69.07,  1297.69, 1297.69097
 , , , ,AINYLISGYQR, 42.3,  2,  19818,    68.37,  1297.69, 1297.69133
 , , , ,AINYLISGYQR, 43.7,  2,  19957,    68.72,  1297.69, 1297.69145
 , , , ,AINYLISGYQR, 49.9,  2,  19681,    68.03,  1297.69, 1297.69158
 , , , ,LSPQSIYNLLPGK, 68.2,  2,  32517,   101.79,  1429.80, 1429.80779
 , , , ,DLSSSDLSTASKIVK,100.4,  2,  16717,    60.47,  1550.83, 1550.82585
 , , , ,DLSSSDLSTASKIVK, 94.0,  2,  16857,    60.82,  1550.83, 1550.82671
 , , , ,DLSSSDLSTASKIVK, 48.1,  2,  16572,    60.12,  1550.83, 1550.82683
 , , , ,DLSSSDLSTASKIVK, 54.5,  3,  16879,    60.88,  1550.83, 1550.82694
 , , , ,DLSSSDLSTASKIVK, 51.7,  3,  16740,    60.53,  1550.83, 1550.82749
 , , , ,DLSSSDLSTASKIVK, 36.5,  3,  16594,    60.18,  1550.83, 1550.82804
 , , , ,DLSSSDLSTASKIVK, 37.4,  2,  16998,    61.18,  1550.83, 1550.82903
 , , , ,DLSSSDLSTASKIVKWISK, 42.7,  3,  33428,   104.12,  2065.12, 2065.12241
 , , , ,AAPLSLCALTAVDQSVLLLKPEAK, 80.3,  3,  41613,   127.14,  2508.41, 2508.41343
 , , , ,AAPLSLCALTAVDQSVLLLKPEAK, 60.3,  3,  41713,   127.48,  2508.41, 2508.41636
 , , , ,AAPLSLCALTAVDQSVLLLKPEAK, 47.6,  2,  41561,   126.96,  2508.41, 2509.42095
 , , , ,AAPLSLCALTAVDQSVLLLKPEAK, 64.3,  3,  41509,   126.80,  2508.41, 2509.42197
 , , , ,HSLGDNDAHSIFQSVGINIFTNSK, 58.7,  4,  33048,   103.17,  2601.27, 2601.27236
 , , , ,HSLGDNDAHSIFQSVGINIFTNSK, 41.7,  4,  33193,   103.54,  2601.27, 2602.27309
 , , , ,VKAAPLSLCALTAVDQSVLLLKPEAK, 30.4,  4,  37833,   115.61,  2735.57, 2736.56875
 , , , ,HSLGDNDAHSIFQSVGINIFTNSKIHKPR, 35.1,  5,  24873,    81.43,  3232.66, 3232.66493
 , , , ,HSLGDNDAHSIFQSVGINIFTNSKIHKPR, 42.4,  6,  24843,    81.35,  3232.66, 3232.66601
 , , , ,FCQEFQHYPAMGGVAPQALAVAASGPGSSFR, 51.9,  3,  33744,   104.90,  3238.52, 3238.51169
 , , , ,FCQEFQHYPAMGGVAPQALAVAASGPGSSFR, 50.8,  3,  33456,   104.19,  3238.52, 3238.52085
 , , , ,FCQEFQHYPAMGGVAPQALAVAASGPGSSFR, 36.4,  3,  33316,   103.84,  3238.52, 3239.50669
 , , , ,FCQEFQHYPAMGGVAPQALAVAASGPGSSFR, 49.6,  3,  33598,   104.54,  3238.52, 3239.51804
 , , , ,FCQEFQHYPAMGGVAPQALAVAASGPGSSFR, 47.1,  3,  29506,    93.83,  3254.51, 3255.51157
FETUA_MOUSE, Alpha-2-HS-glycoprotein OS=Mus musculus GN=Ahsg PE=1 SV=1, 1554.1,      345,VGQPGAAGPVSPMCPGR, 59.5,  2,  11475,    47.16,  1637.79, 1637.78740
 , , , ,VGQPGAAGPVSPMCPGR, 55.7,  3,  11044,    46.09,  1637.79, 1637.79105
 , , , ,VGQPGAAGPVSPMCPGR, 48.1,  2,  11338,    46.80,  1637.79, 1638.78948
 , , , ,VGQPGAAGPVSPMCPGR, 37.0,  2,  11596,    47.51,  1637.79, 1638.78984
 , , , ,VGQPGAAGPVSPMCPGR, 48.2,  2,  11197,    46.46,  1637.79, 1638.79070
 , , , ,VGQPGAAGPVSPMCPGR, 36.4,  3,  11202,    46.47,  1637.79, 1638.79117
 , , , ,VGQPGAAGPVSPMCPGR, 45.1,  2,  11051,    46.11,  1637.79, 1638.79180
 , , , ,VGQPGAAGPVSPMCPGR, 40.4,  2,  10378,    44.38,  1653.78, 1653.78118
 , , , ,VGQPGAAGPVSPMCPGR, 45.3,  2,   7993,    38.11,  1653.78, 1653.78130
 , , , ,VGQPGAAGPVSPMCPGR, 59.5,  2,   7496,    36.74,  1653.78, 1653.78130
 , , , ,VGQPGAAGPVSPMCPGR, 53.2,  2,   7628,    37.08,  1653.78, 1653.78166
 , , , ,VGQPGAAGPVSPMCPGR, 31.1,  2,   9566,    42.27,  1653.78, 1653.78215
 , , , ,VGQPGAAGPVSPMCPGR, 38.3,  2,   8768,    40.18,  1653.78, 1653.78350
 , , , ,VGQPGAAGPVSPMCPGR, 39.3,  2,   9435,    41.93,  1653.78, 1653.78362
 , , , ,VGQPGAAGPVSPMCPGR, 31.6,  2,   9993,    43.32,  1653.78, 1653.78520
 , , , ,VGQPGAAGPVSPMCPGR, 39.2,  2,   8387,    39.14,  1653.78, 1653.78545
 , , , ,VGQPGAAGPVSPMCPGR, 40.5,  2,   8508,    39.49,  1653.78, 1653.78691
 , , , ,VGQPGAAGPVSPMCPGR, 35.3,  2,   8127,    38.46,  1653.78, 1654.78252
 , , , ,VGQPGAAGPVSPMCPGR, 35.8,  2,   7251,    36.02,  1653.78, 1654.78386
 , , , ,VGQPGAAGPVSPMCPGR, 39.3,  2,   7865,    37.77,  1653.78, 1654.78398
 , , , ,VGQPGAAGPVSPMCPGR, 32.5,  2,   7368,    36.37,  1653.78, 1654.78459
 , , , ,VGQPGAAGPVSPMCPGR, 40.6,  2,   6975,    35.32,  1653.78, 1654.78459
 , , , ,VGQPGAAGPVSPMCPGR, 43.3,  2,   7749,    37.42,  1653.78, 1654.78472
 , , , ,VGQPGAAGPVSPMCPGR, 48.8,  2,   7115,    35.67,  1653.78, 1654.78508
 , , , ,VGQPGAAGPVSPMCPGR, 35.6,  2,   8911,    40.53,  1653.78, 1654.78569
 , , , ,VGQPGAAGPVSPMCPGR, 31.4,  2,  10246,    44.02,  1653.78, 1654.78777
 , , , ,VGQPGAAGPVSPMCPGR, 35.6,  2,   9047,    40.88,  1653.78, 1654.78801
 , , , ,QVLNQIDKVKVWSR, 32.6,  3,  16088,    58.95,  1712.98, 1713.98435
 , , , ,ANLMHNLGGEEVSVACK, 61.0,  2,  15037,    56.28,  1828.87, 1828.86699
 , , , ,ANLMHNLGGEEVSVACK, 60.9,  3,  15153,    56.57,  1828.87, 1829.87107
 , , , ,ANLMHNLGGEEVSVACK, 63.4,  3,  15015,    56.22,  1828.87, 1829.87217
 , , , ,ANLMHNLGGEEVSVACK, 43.7,  3,  14886,    55.88,  1828.87, 1829.87436
 , , , ,ANLMHNLGGEEVSVACK, 33.2,  3,   9822,    42.91,  1844.86, 1844.86777
 , , , ,QLTEHAVEGDCDFHILK, 49.3,  3,  16741,    60.53,  2011.95, 2012.95548
 , , , ,HAFSPVASVESASGETLHSPK, 78.3,  2,  16016,    58.76,  2138.05, 2138.04839
 , , , ,HAFSPVASVESASGETLHSPK, 64.1,  3,  16634,    60.27,  2138.05, 2138.05094
 , , , ,HAFSPVASVESASGETLHSPK, 85.5,  3,  16335,    59.57,  2138.05, 2138.05130
 , , , ,HAFSPVASVESASGETLHSPK, 84.1,  3,  16487,    59.93,  2138.05, 2138.05167
 , , , ,HAFSPVASVESASGETLHSPK, 79.7,  3,  16199,    59.23,  2138.05, 2138.05240
 , , , ,HAFSPVASVESASGETLHSPK, 91.2,  3,  15927,    58.53,  2138.05, 2138.05277
 , , , ,HAFSPVASVESASGETLHSPK, 82.8,  3,  16061,    58.88,  2138.05, 2138.05277
 , , , ,HAFSPVASVESASGETLHSPK, 57.7,  3,  16775,    60.62,  2138.05, 2139.05198
 , , , ,HAFSPVASVESASGETLHSPK, 34.9,  3,  15789,    58.19,  2138.05, 2139.06003
 , , , ,QLTEHAVEGDCDFHILKQDGQFR, 35.6,  3,  18937,    66.06,  2743.29, 2744.29026
 , , , ,TYHDLRHAFSPVASVESASGETLHSPK, 55.3,  4,  18273,    64.32,  2923.43, 2923.43276
 , , , ,TYHDLRHAFSPVASVESASGETLHSPK, 44.8,  5,  18234,    64.23,  2923.43, 2924.44013
 , , , ,GLSDHRTYHDLRHAFSPVASVESASGETLHSPK, 35.1,  4,  17418,    62.19,  3588.76, 3588.75454
 , , , ,HAFSPVASVESASGETLHSPKVGQPGAAGPVSPMCPGR, 36.8,  4,  22783,    75.91,  3756.82, 3756.82046
 , , , ,HAFSPVASVESASGETLHSPKVGQPGAAGPVSPMCPGR, 87.2,  4,  22642,    75.54,  3756.82, 3756.82094
KNG1_MOUSE, Kininogen-1 OS=Mus musculus GN=Kng1 PE=1 SV=1, 1012.1,      661,PPGFSPFR, 35.2,  2,  15218,    56.73,   904.47,  904.46678
 , , , ,PPGFSPFR, 40.7,  2,  15357,    57.09,   904.47,  904.46733
 , , , ,IAPSKAPILK, 38.5,  2,   4361,    27.71,  1037.67, 1037.67217
 , , , ,SGNQYMLHR, 72.3,  2,   3306,    24.05,  1105.52, 1105.52129
 , , , ,SGNQYMLHR, 58.8,  2,   3398,    24.40,  1105.52, 1105.52141
 , , , ,DIPVDSPELK, 38.0,  2,  14250,    54.29,  1112.58, 1112.58562
 , , , ,CQALDMTEMAR, 57.6,  2,  15292,    56.92,  1325.56, 1325.56487
 , , , ,CQALDMTEMAR, 55.1,  2,  15430,    57.27,  1325.56, 1325.56511
 , , , ,CQALDMTEMAR, 57.3,  2,  15156,    56.57,  1325.56, 1325.56523
 , , , ,CQALDMTEMAR, 59.8,  2,  26967,    86.87,  1325.56, 1325.56645
 , , , ,CQALDMTEMAR, 63.4,  2,  27091,    87.22,  1325.56, 1325.56938
 , , , ,CQALDMTEMAR, 57.8,  2,  26836,    86.53,  1325.56, 1325.57463
 , , , ,CQALDMTEMAR, 40.0,  2,   7120,    35.68,  1341.56, 1341.56011
 , , , ,CQALDMTEMAR, 31.3,  2,  15286,    56.90,  1357.55, 1357.55608
 , , , ,ENEFFIVTQTCK, 68.6,  2,  23449,    77.67,  1515.71, 1515.71196
 , , , ,ENEFFIVTQTCK, 70.5,  2,  23281,    77.24,  1515.71, 1515.71636
 , , , ,VIEGTKTDGSPTFYSFK, 70.4,  2,  17392,    62.13,  1876.93, 1876.93047
 , , , ,VIEGTKTDGSPTFYSFK, 83.1,  3,  17361,    62.05,  1876.93, 1876.93302
 , , , ,VIEGTKTDGSPTFYSFK, 58.0,  3,  17215,    61.70,  1876.93, 1876.93320
 , , , ,VIEGTKTDGSPTFYSFK, 72.1,  3,  17510,    62.42,  1876.93, 1876.93412
 , , , ,ATSQVVAGTKYVIEFIAR, 60.4,  3,  34363,   106.48,  1953.08, 1953.08420
 , , , ,ATSQVVAGTKYVIEFIAR, 45.9,  3,  34507,   106.83,  1953.08, 1953.08640
 , , , ,RPPGFSPFRSVTVQETKEGR, 42.3,  4,  11480,    47.17,  2275.19, 2275.19521
 , , , ,RPPGFSPFRSVTVQETKEGR, 40.0,  4,  11598,    47.51,  2275.19, 2275.19570
 , , , ,RPPGFSPFRSVTVQETKEGR, 37.6,  4,  11345,    46.82,  2275.19, 2276.19765
 , , , ,ATSQVVAGTKYVIEFIARETK, 36.3,  4,  37048,   113.32,  2311.27, 2311.26943
 , , , ,ATSQVVAGTKYVIEFIARETK, 33.9,  3,  37009,   113.22,  2311.27, 2312.27597
 , , , ,VIEGTKTDGSPTFYSFKYLIK, 39.7,  3,  26530,    85.71,  2394.26, 2394.26072
 , , , ,KATSQVVAGTKYVIEFIARETK, 31.2,  4,  32057,   100.60,  2439.36, 2440.36440
 , , , ,KATSQVVAGTKYVIEFIARETK, 45.1,  4,  31914,   100.24,  2439.36, 2440.36684
 , , , ,AYFPCIGCVHAISTDSPDLEPVLK, 38.6,  3,  34733,   107.38,  2689.30, 2690.30527
 , , , ,SGNQYMLHRVIEGTKTDGSPTFYSFK, 40.0,  4,  23127,    76.82,  2963.44, 2964.43862
HBA_MOUSE, Hemoglobin subunit alpha OS=Mus musculus GN=Hba PE=1 SV=2,  851.3,      142,VDPVNFK, 34.1,  2,   7442,    36.60,   818.44,  818.44054
 , , , ,MFASFPTTK, 45.6,  2,  15754,    58.10,  1029.51, 1029.50725
 , , , ,MFASFPTTK, 54.7,  2,  15892,    58.45,  1029.51, 1029.50737
 , , , ,MFASFPTTK, 50.2,  2,  16121,    59.03,  1029.51, 1029.50749
 , , , ,MFASFPTTK, 46.7,  2,  13224,    51.81,  1045.50, 1045.50102
 , , , ,MFASFPTTK, 56.9,  2,  11818,    48.13,  1045.50, 1045.50273
 , , , ,MFASFPTTK, 59.1,  2,  11697,    47.79,  1045.50, 1045.50298
 , , , ,MFASFPTTK, 33.0,  2,  13051,    51.38,  1045.50, 1045.50322
 , , , ,MFASFPTTK, 29.4,  2,  11959,    48.48,  1045.50, 1045.50432
 , , , ,IGGHGAEYGAEALER, 63.9,  2,   8575,    39.67,  1529.73, 1529.73406
 , , , ,IGGHGAEYGAEALER, 44.8,  2,   8710,    40.03,  1529.73, 1529.73430
 , , , ,IGGHGAEYGAEALER, 58.5,  2,   8452,    39.33,  1529.73, 1529.73516
 , , , ,IGGHGAEYGAEALER, 49.9,  3,   8509,    39.49,  1529.73, 1529.73630
 , , , ,VLSGEDKSNIKAAWGK, 95.4,  2,   7656,    37.16,  1702.91, 1702.90886
 , , , ,VLSGEDKSNIKAAWGK, 42.2,  2,   7776,    37.50,  1702.91, 1702.90996
 , , , ,VLSGEDKSNIKAAWGK, 58.4,  2,   7525,    36.82,  1702.91, 1702.91020
 , , , ,VLSGEDKSNIKAAWGK, 37.3,  4,   7647,    37.13,  1702.91, 1702.91201
 , , , ,VLSGEDKSNIKAAWGK, 45.0,  3,   7882,    37.82,  1702.91, 1702.91214
 , , , ,VLSGEDKSNIKAAWGK, 43.2,  3,   7768,    37.47,  1702.91, 1702.91214
 , , , ,VLSGEDKSNIKAAWGK, 46.9,  3,   7646,    37.13,  1702.91, 1702.91269
 , , , ,VLSGEDKSNIKAAWGK, 46.4,  4,   7513,    36.79,  1702.91, 1702.91335
 , , , ,VLSGEDKSNIKAAWGK, 43.2,  3,   7512,    36.78,  1702.91, 1702.91452
 , , , ,TYFPHFDVSHGSAQVK, 47.9,  3,  15918,    58.51,  1819.88, 1819.87754
 , , , ,AAWGKIGGHGAEYGAEALER, 37.4,  4,  15496,    57.45,  2043.00, 2043.00356
 , , , ,AAWGKIGGHGAEYGAEALER, 37.0,  4,  15226,    56.75,  2043.00, 2043.00393
 , , , ,AAWGKIGGHGAEYGAEALER, 34.0,  3,  15229,    56.76,  2043.00, 2043.00400
 , , , ,AAWGKIGGHGAEYGAEALER, 38.7,  4,  15365,    57.11,  2043.00, 2043.00612
 , , , ,AAWGKIGGHGAEYGAEALER, 66.1,  3,  15366,    57.11,  2043.00, 2043.00675
 , , , ,VLSGEDKSNIKAAWGKIGGHGAEYGAEALER, 72.5,  4,  20577,    70.31,  3213.63, 3213.62685
 , , , ,VLSGEDKSNIKAAWGKIGGHGAEYGAEALER, 49.5,  5,  20591,    70.34,  3213.63, 3213.62898
 , , , ,VLSGEDKSNIKAAWGKIGGHGAEYGAEALER, 38.6,  4,  20711,    70.65,  3213.63, 3214.63027
VTDB_MOUSE, Vitamin D-binding protein OS=Mus musculus GN=Gc PE=1 SV=2,  715.6,      476,VLEPTLK, 41.8,  2,   7203,    35.90,   799.49,  799.49199
 , , , ,VLEPTLK, 29.9,  2,   7330,    36.25,   799.49,  799.49205
 , , , ,VLEPTLK, 40.5,  2,   6921,    35.18,   799.49,  799.49224
 , , , ,VLEPTLK, 46.1,  2,   7065,    35.55,   799.49,  799.49254
 , , , ,SRLSHLIK, 26.5,  2,   2855,    22.55,   953.59,  953.58959
 , , , ,QLTSFIEK, 47.3,  2,  12796,    50.67,   965.53,  965.53050
 , , , ,QLTSFIEK, 41.3,  2,  12675,    50.33,   965.53,  965.53063
 , , , ,SLSLILYSR, 54.3,  2,  24071,    79.33,  1051.61, 1051.61553
 , , , ,SLSLILYSR, 53.7,  2,  24204,    79.67,  1051.61, 1051.61553
 , , , ,SLSLILYSR, 39.8,  2,  23949,    78.99,  1051.61, 1051.61565
 , , , ,TQVPEVFLSK, 31.7,  2,  19149,    66.60,  1147.64, 1147.63591
 , , , ,TQVPEVFLSK, 39.6,  2,  19278,    66.94,  1147.64, 1147.63640
 , , , ,RTQVPEVFLSK, 36.4,  3,  12930,    51.06,  1303.74, 1303.73682
 , , , ,RTQVPEVFLSK, 55.7,  2,  13208,    51.77,  1303.74, 1303.73735
 , , , ,RTQVPEVFLSK, 35.8,  3,  13207,    51.77,  1303.74, 1303.73801
 , , , ,RTQVPEVFLSK, 51.5,  2,  13058,    51.40,  1303.74, 1303.73979
 , , , ,RTQVPEVFLSK, 34.0,  3,  13523,    52.51,  1303.74, 1304.73951
 , , , ,RTQVPEVFLSK, 35.7,  3,  13365,    52.14,  1303.74, 1304.74042
 , , , ,RTQVPEVFLSKVLEPTLK, 27.3,  4,  29023,    92.48,  2084.21, 2084.21303
 , , , ,RTQVPEVFLSKVLEPTLK, 69.5,  3,  29198,    92.93,  2084.21, 2084.21500
 , , , ,RTQVPEVFLSKVLEPTLK, 66.0,  3,  29065,    92.59,  2084.21, 2085.21640
 , , , ,RTQVPEVFLSKVLEPTLK, 67.7,  3,  28934,    92.25,  2084.21, 2085.21677
 , , , ,RTQVPEVFLSKVLEPTLK, 51.0,  3,  29309,    93.27,  2084.21, 2085.21695
 , , , ,SCESDAPFPVHPGTPECCTK, 43.1,  3,  12686,    50.36,  2275.94, 2276.94449
 , , , ,SCESDAPFPVHPGTPECCTK, 43.5,  3,  12807,    50.70,  2275.94, 2276.94486
 , , , ,DLCGQSTTQAMDQYTFELSR, 48.2,  3,  31032,    97.93,  2351.03, 2352.03019
 , , , ,CCESTSEDCMASELPEHTIK, 47.0,  3,  14958,    56.08,  2383.95, 2384.95310
 , , , ,RTQVPEVFLSKVLEPTLKTLR, 49.0,  4,  32147,   100.84,  2454.44, 2454.44790
 , , , ,ECCDTQDSVACFSTQSPLLKR, 57.9,  3,  21534,    72.66,  2502.11, 2503.10849
 , , , ,LAQKVPTANLENVLPLAEDFTEILSR, 39.5,  3,  48650,   149.86,  2881.57, 2882.57224
CFAI_MOUSE, Complement factor I OS=Mus musculus GN=Cfi PE=1 SV=3,  700.1,      603,IKSLLPK, 22.6,  2,   4876,    29.33,   798.54,  798.54387
 , , , ,IKSLLPK, 37.8,  2,   4662,    28.63,   798.54,  798.54418
 , , , ,IKSLLPK, 37.5,  2,   4761,    28.98,   798.54,  798.54418
 , , , ,IKSLLPK, 41.7,  2,   4561,    28.30,   798.54,  798.54430
 , , , ,LPYQCPR, 33.9,  2,   4626,    28.52,   933.46,  933.46245
 , , , ,TKTEGLVQVK, 55.0,  2,   2958,    22.91,  1102.65, 1102.64665
 , , , ,TKTEGLVQVK, 66.2,  2,   3074,    23.26,  1102.65, 1102.64775
 , , , ,SFECLHPEIK, 32.5,  3,  10642,    45.04,  1259.61, 1259.60923
 , , , ,SFECLHPEIK, 51.9,  2,  10687,    45.15,  1259.61, 1259.60979
 , , , ,SFECLHPEIK, 41.3,  2,  10818,    45.50,  1259.61, 1259.61052
 , , , ,GVETSLAECAFTKR, 51.1,  3,  15760,    58.11,  1568.77, 1568.77292
 , , , ,GVETSLAECAFTKR, 52.8,  3,  15905,    58.48,  1568.77, 1568.77366
 , , , ,GVETSLAECAFTKR, 64.3,  2,  15783,    58.17,  1568.77, 1568.77434
 , , , ,GVETSLAECAFTKR, 37.3,  3,  15623,    57.77,  1568.77, 1569.77652
 , , , ,SCNKVFCQPWQR, 35.7,  3,  11092,    46.21,  1609.74, 1609.73526
 , , , ,SCNKVFCQPWQR, 44.4,  3,  11235,    46.55,  1609.74, 1609.73563
 , , , ,SCNKVFCQPWQR, 55.5,  2,  11347,    46.83,  1609.74, 1609.73589
 , , , ,SCNKVFCQPWQR, 57.2,  2,  11199,    46.47,  1609.74, 1609.73601
 , , , ,SCNKVFCQPWQR, 31.2,  2,  11046,    46.10,  1609.74, 1610.74040
 , , , ,VANYFDWISYHVGR, 51.3,  3,  32845,   102.65,  1726.83, 1726.83451
 , , , ,TKTEGLVQVKLVDQDER, 53.8,  3,  11716,    47.85,  1958.06, 1958.05149
 , , , ,TKTEGLVQVKLVDQDER, 41.6,  4,  11810,    48.11,  1958.06, 1958.05410
 , , , ,CIEGTCICKLPYQCPR, 32.0,  3,  16555,    60.09,  2054.93, 2054.92838
 , , , ,CIEGTCICKLPYQCPR, 44.8,  3,  16401,    59.73,  2054.93, 2054.92929
 , , , ,CIEGTCICKLPYQCPR, 37.1,  2,  16285,    59.45,  2054.93, 2055.92583
 , , , ,CIEGTCICKLPYQCPR, 43.7,  3,  16254,    59.37,  2054.93, 2055.93308
 , , , ,SAQGEAEIETEETEMLTPGMDNERKR, 40.0,  3,  20410,    69.88,  2951.34, 2951.33237
APOA1_MOUSE, Apolipoprotein A-I OS=Mus musculus GN=Apoa1 PE=1 SV=2,  538.6,      264,QKLQELQGR, 44.3,  2,   2036,    20.03,  1099.62, 1099.62212
 , , , ,AKTHLKTLGEK, 31.3,  3,   1016,    14.72,  1225.73, 1225.72483
 , , , ,AKTHLKTLGEK, 51.3,  2,   1017,    14.73,  1225.73, 1225.72661
 , , , ,WKEDVELYR, 41.5,  3,  12631,    50.21,  1237.62, 1237.62128
 , , , ,WKEDVELYR, 51.0,  3,  12758,    50.55,  1237.62, 1237.62137
 , , , ,WKEDVELYR, 51.1,  2,  12778,    50.61,  1237.62, 1237.62187
 , , , ,SNPTLNEYHTR, 54.6,  2,   3376,    24.32,  1331.63, 1331.63481
 , , , ,VAPLGAELQESAR, 57.8,  2,  14069,    53.85,  1340.72, 1340.71489
 , , , ,VAPLGAELQESAR, 66.3,  2,  13935,    53.48,  1340.72, 1340.71697
 , , , ,QKVAPLGAELQESAR, 43.8,  3,  10164,    43.77,  1596.87, 1596.87668
 , , , ,TQVQSVIDKASETLTAQ, 96.0,  2,  27568,    88.55,  1818.94, 1818.94329
 , , , ,LAELKSNPTLNEYHTR, 61.4,  3,   8932,    40.59,  1885.98, 1885.97806
 , , , ,LAELKSNPTLNEYHTR, 36.1,  2,   8702,    40.01,  1885.98, 1885.97893
 , , , ,LAELKSNPTLNEYHTR, 50.0,  4,   8690,    39.98,  1885.98, 1885.97890
 , , , ,LAELKSNPTLNEYHTR, 61.4,  3,   8786,    40.23,  1885.98, 1885.98008
 , , , ,LAELKSNPTLNEYHTR, 71.5,  3,   8653,    39.89,  1885.98, 1886.98111
MUG1_MOUSE, Murinoglobulin-1 OS=Mus musculus GN=Mug1 PE=1 SV=3,  537.3,     1476,YGAVTFSR, 55.5,  2,   8206,    38.67,   900.46,  900.45799
 , , , ,YGAVTFSR, 44.6,  2,   8340,    39.03,   900.46,  900.45842
 , , , ,HTSSWLVTPK, 49.7,  2,   8423,    39.24,  1155.62, 1155.61662
 , , , ,HTSSWLVTPK, 45.3,  2,   8291,    38.90,  1155.62, 1155.61675
 , , , ,FSTSQSLPASQTR, 89.7,  2,   7721,    37.35,  1409.70, 1409.70134
 , , , ,FSTSQSLPASQTR, 83.9,  2,   7600,    37.01,  1409.70, 1409.70159
 , , , ,FSTSQSLPASQTR, 70.7,  2,   7839,    37.69,  1409.70, 1409.70317
 , , , ,FSTSQSLPASQTR, 32.5,  2,   7962,    38.04,  1409.70, 1409.70415
 , , , ,FSTSQSLPASQTR, 46.2,  2,   7465,    36.66,  1409.70, 1409.70464
 , , , ,LQVTASPQSLCGLR, 83.2,  2,  20168,    69.25,  1529.81, 1529.81035
 , , , ,LQVTASPQSLCGLR, 75.3,  2,  20034,    68.90,  1529.81, 1529.81096
 , , , ,LQVTASPQSLCGLR, 58.4,  2,  20304,    69.60,  1529.81, 1529.81121
 , , , ,LQVTASPQSLCGLR, 38.5,  2,  19897,    68.56,  1529.81, 1529.82439
 , , , ,AHFSVMGDILSSAIR, 38.6,  3,  30830,    97.35,  1603.83, 1603.82828
 , , , ,AHFSVMGDILSSAIR, 36.0,  3,  30951,    97.71,  1603.83, 1603.82901
 , , , ,AHFSVMGDILSSAIR, 53.3,  2,  30889,    97.53,  1603.83, 1603.82927
 , , , ,LSSSDEEDFLYVDIKGPTHEFSKR, 42.3,  4,  24205,    79.67,  2799.35, 2800.35757
CPN2_MOUSE, Carboxypeptidase N subunit 2 OS=Mus musculus GN=Cpn2 PE=1 SV=2,  533.3,      547,VTVSIEAPAAGP, 36.3,  2,  20535,    70.20,  1111.60, 1111.60039
 , , , ,WLNIQLSSR, 41.6,  2,  23084,    76.70,  1116.62, 1116.61638
 , , , ,WLNIQLSSR, 49.9,  2,  23213,    77.04,  1116.62, 1116.61687
 , , , ,ALGLDEGEPAGSWDLTVEGR,100.8,  2,  31518,    99.17,  2071.99, 2071.99272
 , , , ,ALGLDEGEPAGSWDLTVEGR,115.1,  2,  31641,    99.51,  2071.99, 2071.99321
 , , , ,ALGLDEGEPAGSWDLTVEGR, 37.9,  2,  31775,    99.86,  2071.99, 2071.99346
 , , , ,ALGLDEGEPAGSWDLTVEGR, 58.0,  3,  31612,    99.43,  2071.99, 2071.99509
 , , , ,AAHSQCAYSNPEGTVLLACEESR, 84.5,  3,  17747,    63.02,  2550.13, 2551.13578
 , , , ,AAHSQCAYSNPEGTVLLACEESR, 97.2,  3,  17889,    63.36,  2550.13, 2551.13706
 , , , ,AAHSQCAYSNPEGTVLLACEESR, 63.3,  3,  18039,    63.72,  2550.13, 2551.13742
 , , , ,AAHSQCAYSNPEGTVLLACEESR, 38.0,  2,  17792,    63.13,  2550.13, 2551.13774
 , , , ,AAHSQCAYSNPEGTVLLACEESRCR, 30.8,  4,  16053,    58.86,  2866.27, 2866.26406
APOA2_MOUSE, Apolipoprotein A-II OS=Mus musculus GN=Apoa2 PE=1 SV=2,  532.9,      102,THEQLTPLVR, 34.1,  2,   6602,    34.27,  1193.66, 1193.66277
 , , , ,THEQLTPLVR, 41.0,  3,   6851,    34.98,  1193.66, 1193.66288
 , , , ,THEQLTPLVR, 43.9,  3,   6605,    34.28,  1193.66, 1193.66306
 , , , ,THEQLTPLVR, 38.6,  2,   6839,    34.95,  1193.66, 1193.66313
 , , , ,THEQLTPLVR, 48.8,  3,   6730,    34.63,  1193.66, 1193.66315
 , , , ,THEQLTPLVR, 35.2,  2,   6724,    34.61,  1193.66, 1193.66387
 , , , ,TSEIQSQAKAYFEK, 41.6,  3,  13253,    51.88,  1629.81, 1629.81516
 , , , ,TSEIQSQAKAYFEK, 54.9,  3,  13106,    51.51,  1629.81, 1630.81839
 , , , ,AKTSEIQSQAKAYFEK, 47.5,  3,  10839,    45.56,  1828.94, 1828.94565
 , , , ,AYFEKTHEQLTPLVR, 50.0,  2,  13629,    52.76,  1831.97, 1831.96721
 , , , ,AYFEKTHEQLTPLVR, 58.6,  2,  13788,    53.13,  1831.97, 1831.96758
 , , , ,AYFEKTHEQLTPLVR, 42.6,  2,  14058,    53.82,  1831.97, 1831.96892
 , , , ,AYFEKTHEQLTPLVR, 40.1,  3,  14048,    53.79,  1831.97, 1831.97092
 , , , ,AYFEKTHEQLTPLVR, 33.0,  3,  13774,    53.09,  1831.97, 1831.97110
 , , , ,AYFEKTHEQLTPLVR, 34.2,  3,  13619,    52.74,  1831.97, 1831.97275
 , , , ,AYFEKTHEQLTPLVR, 39.0,  2,  13933,    53.48,  1831.97, 1832.96880
 , , , ,AYFEKTHEQLTPLVR, 43.0,  2,  13481,    52.42,  1831.97, 1832.97441
 , , , ,AYFEKTHEQLTPLVR, 40.8,  3,  13471,    52.39,  1831.97, 1832.97507
 , , , ,AYFEKTHEQLTPLVR, 37.4,  3,  14622,    55.20,  1831.97, 1832.97562
 , , , ,TSEIQSQAKAYFEKTHEQLTPLVR, 38.5,  3,  24841,    81.35,  2804.46, 2804.45578
 , , , ,TSEIQSQAKAYFEKTHEQLTPLVR, 42.7,  3,  24710,    80.99,  2804.46, 2804.45597
 , , , ,TSEIQSQAKAYFEKTHEQLTPLVR, 59.3,  3,  24578,    80.65,  2804.46, 2805.45847
 , , , ,AKTSEIQSQAKAYFEKTHEQLTPLVR, 34.4,  6,  22634,    75.52,  3003.59, 3004.59442
 , , , ,QADGPDMQSLFTQYFQSMTDYGKDLMEKAK, 37.9,  3,  48329,   148.75,  3473.57, 3474.54380
THRB_MOUSE, Prothrombin OS=Mus musculus GN=F2 PE=1 SV=1,  451.2,      618,TTVVMTPR, 59.5,  2,   4642,    28.57,   904.49,  904.49181
 , , , ,TTVVMTPR, 42.9,  2,   4849,    29.25,   904.49,  904.49193
 , , , ,TTVVMTPR, 52.3,  2,   4739,    28.91,   904.49,  904.49205
 , , , ,YQDFDPEVK, 38.0,  2,  10911,    45.75,  1140.52, 1140.51995
 , , , ,YQDFDPEVK, 30.1,  2,  10781,    45.40,  1140.52, 1140.52068
 , , , ,ETFMDCLEGR, 55.2,  2,  24655,    80.85,  1257.52, 1257.52446
 , , , ,ETFMDCLEGR, 50.2,  2,  24789,    81.21,  1257.52, 1257.52458
 , , , ,ETFMDCLEGR, 39.7,  2,  24918,    81.55,  1257.52, 1257.52471
 , , , ,TTDAEFHTFFNEK, 53.3,  2,  18752,    65.60,  1586.71, 1586.71489
 , , , ,KPRETFMDCLEGR, 32.5,  3,  12417,    49.65,  1638.77, 1639.77610
 , , , ,SGGSKDNLSPPLGQCLTER, 40.6,  2,  14355,    54.54,  2015.98, 2015.97746
 , , , ,SGGSKDNLSPPLGQCLTER, 45.7,  3,  14750,    55.51,  2015.98, 2015.98276
 , , , ,SGGSKDNLSPPLGQCLTER, 48.0,  3,  14321,    54.46,  2015.98, 2016.97812
 , , , ,SGGSKDNLSPPLGQCLTER, 48.7,  3,  14464,    54.81,  2015.98, 2016.98050
 , , , ,SGGSKDNLSPPLGQCLTER, 49.7,  3,  14609,    55.16,  2015.98, 2016.98417
 , , , ,SLKDTTEKELLDSYIDGR, 63.1,  3,  24101,    79.40,  2083.06, 2083.05082
 , , , ,LYQGNLAVTTLGSPCLPWNSLPAKTLSK, 38.8,  3,  37465,   114.53,  3029.61, 3029.61509
IGHM_MOUSE, Ig mu chain C region OS=Mus musculus GN=Ighm PE=1 SV=2,  414.4,      454,SILEGSDEYLVCK, 58.7,  2,  21853,    73.48,  1512.73, 1512.72478
 , , , ,SILEGSDEYLVCK, 51.4,  2,  21728,    73.14,  1512.73, 1512.72600
 , , , ,GFSPADISVQWLQR, 55.5,  2,  35754,   109.93,  1603.82, 1603.81853
 , , , ,GFSPADISVQWLQR, 76.7,  2,  35882,   110.27,  1603.82, 1603.82390
 , , , ,GFSPADISVQWLQR, 65.2,  2,  36022,   110.61,  1603.82, 1603.82488
 , , , ,TGGKYLATSQVLLSPK, 61.8,  3,  15771,    58.14,  1662.94, 1662.94278
 , , , ,TGGKYLATSQVLLSPK, 30.9,  3,  15499,    57.45,  1662.94, 1662.94388
 , , , ,TGGKYLATSQVLLSPK, 85.6,  3,  15638,    57.80,  1662.94, 1662.94461
 , , , ,TGGKYLATSQVLLSPK, 42.8,  2,  15529,    57.52,  1662.94, 1662.94585
 , , , ,LICEATNFTPKPITVSWLK, 35.2,  3,  32202,   100.98,  2218.19, 2218.19767
 , , , ,TVDKSTGKPTLYNVSLIMSDTGGTCY, 56.2,  3,  30345,    96.02,  2808.34, 2808.34385
APOH_MOUSE, Beta-2-glycoprotein 1 OS=Mus musculus GN=Apoh PE=1 SV=1,  397.7,      345,ITCPPPPVPK, 40.3,  2,   7053,    35.52,  1105.61, 1105.60710
 , , , ,ITCPPPPVPK, 44.4,  2,   7811,    37.59,  1105.61, 1105.60723
 , , , ,ITCPPPPVPK, 32.0,  2,   8197,    38.64,  1105.61, 1105.60735
 , , , ,ITCPPPPVPK, 34.8,  2,   7194,    35.87,  1105.61, 1105.60747
 , , , ,ITCPPPPVPK, 33.1,  2,   7317,    36.21,  1105.61, 1105.60759
 , , , ,ITCPPPPVPK, 32.9,  2,   7425,    36.55,  1105.61, 1105.60808
 , , , ,ITCPPPPVPK, 44.0,  2,   7686,    37.24,  1105.61, 1105.60808
 , , , ,ITCPPPPVPK, 32.7,  2,   7562,    36.91,  1105.61, 1105.60881
 , , , ,TGTWSFLPTCR, 47.7,  2,  26296,    85.07,  1325.63, 1325.63115
 , , , ,VCPFAGILENGIVR, 36.2,  2,  34805,   107.56,  1544.83, 1545.81890
 , , , ,VCPFAGILENGIVR, 38.2,  3,  34921,   107.84,  1544.83, 1545.82523
 , , , ,VCPFAGILENGIVR, 35.8,  3,  34777,   107.49,  1544.83, 1545.83127
 , , , ,FTCPLTGMWPINTLR, 48.0,  2,  39798,   121.38,  1806.90, 1806.90227
 , , , ,FTCPLTGMWPINTLR, 83.8,  2,  39656,   120.96,  1806.90, 1806.90459
 , , , ,FTCPLTGMWPINTLR, 57.4,  2,  39914,   121.73,  1806.90, 1807.90630
 , , , ,FTCPLTGMWPINTLR, 46.6,  2,  39545,   120.61,  1806.90, 1807.90740
 , , , ,FTCPLTGMWPINTLR, 36.6,  2,  40015,   122.08,  1806.90, 1807.91008
 , , , ,CTEEGKWSPDIPACAR, 55.1,  3,  13386,    52.19,  1876.83, 1877.83683
 , , , ,RFTCPLTGMWPINTLR, 38.2,  3,  34035,   105.67,  1963.00, 1963.00595
 , , , ,RFTCPLTGMWPINTLR, 41.7,  3,  34171,   106.01,  1963.00, 1964.01011
AMBP_MOUSE, Protein AMBP OS=Mus musculus GN=Ambp PE=1 SV=2,  392.2,      349,LWAFDAAQGK, 58.4,  2,  20422,    69.91,  1106.56, 1106.56328
 , , , ,LWAFDAAQGK, 52.2,  2,  20289,    69.57,  1106.56, 1106.56413
 , , , ,AFIKLWAFDAAQGK, 53.7,  3,  29728,    94.38,  1565.85, 1565.84873
 , , , ,AFIKLWAFDAAQGK, 40.4,  3,  29864,    94.74,  1565.85, 1565.84891
 , , , ,AFIKLWAFDAAQGK, 32.5,  2,  29499,    93.81,  1565.85, 1566.85137
 , , , ,AFIKLWAFDAAQGK, 52.5,  3,  29591,    94.04,  1565.85, 1566.85233
 , , , ,AFIKLWAFDAAQGK, 58.4,  2,  29641,    94.16,  1565.85, 1566.85271
 , , , ,TIAACNLPIVQGPCR, 87.7,  2,  20924,    71.17,  1669.85, 1669.85039
 , , , ,TIAACNLPIVQGPCR, 62.8,  2,  21229,    71.91,  1669.85, 1669.85185
 , , , ,TIAACNLPIVQGPCR, 61.8,  2,  21074,    71.53,  1669.85, 1669.85222
 , , , ,TIAACNLPIVQGPCR, 56.5,  2,  20783,    70.83,  1669.85, 1670.85405
PLMN_MOUSE, Plasminogen OS=Mus musculus GN=Plg PE=1 SV=3,  365.6,      812,WEYCDIPR, 54.4,  2,  17422,    62.19,  1138.50, 1138.49748
 , , , ,WEYCDIPR, 50.0,  2,  17274,    61.84,  1138.50, 1138.49980
 , , , ,WEYCDIPR, 29.0,  2,  17231,    61.74,  1138.50, 1139.50273
 , , , ,HSIFTPQTNPR, 35.3,  2,   5691,    31.56,  1297.66, 1297.66545
 , , , ,CQSWAAMFPHR, 41.5,  3,  19629,    67.88,  1390.61, 1390.61753
 , , , ,CQSWAAMFPHR, 29.8,  3,  19778,    68.27,  1390.61, 1391.61811
 , , , ,NPDGDVNGPWCYTTNPR, 39.5,  2,  19693,    68.05,  1962.84, 1962.83733
 , , , ,TAVTAAGTPCQGWAAQEPHR, 42.9,  3,  11730,    47.89,  2108.99, 2108.99283
 , , , ,TAVTAAGTPCQGWAAQEPHR, 58.3,  3,  11605,    47.54,  2108.99, 2109.99772
 , , , ,NYCRNPDGDVNGPWCYTTNPR, 31.6,  3,  17054,    61.31,  2556.08, 2557.06638
 , , , ,NYCRNPDGDVNGPWCYTTNPR, 66.4,  3,  17200,    61.67,  2556.08, 2557.07407
 , , , ,AGLEKNYCRNPDGDVNGPWCYTTNPR, 37.3,  4,  17143,    61.53,  3054.36, 3055.35561
 , , , ,AGLEKNYCRNPDGDVNGPWCYTTNPR, 46.3,  4,  17430,    62.21,  3054.36, 3055.35659
HEMO_MOUSE, Hemopexin OS=Mus musculus GN=Hpx PE=1 SV=2,  356.3,      460,YYCFQGNK, 27.6,  2,   6475,    33.95,  1079.46, 1079.46099
 , , , ,RLWWLDLK, 45.6,  2,  29609,    94.08,  1129.65, 1129.65312
 , , , ,YYCFQGNKFLR, 46.1,  3,  17172,    61.60,  1495.72, 1495.71521
 , , , ,YYCFQGNKFLR, 36.0,  3,  17312,    61.94,  1495.72, 1495.71521
 , , , ,YYCFQGNKFLR, 36.4,  2,  17216,    61.70,  1495.72, 1495.71538
 , , , ,CSPDPGLTALLSDHR, 56.2,  3,  22548,    75.30,  1638.79, 1638.79209
 , , , ,CSPDPGLTALLSDHR, 51.0,  3,  22682,    75.65,  1638.79, 1638.79209
 , , , ,CSPDPGLTALLSDHR, 34.8,  2,  22495,    75.16,  1638.79, 1638.79412
 , , , ,SLPQPQKVNSILGCSQ, 63.3,  2,  20318,    69.64,  1755.91, 1755.90337
 , , , ,SLPQPQKVNSILGCSQ, 38.3,  2,  20459,    70.00,  1755.91, 1755.90422
 , , , ,SLPQPQKVNSILGCSQ, 63.2,  2,  20057,    68.96,  1755.91, 1755.90618
 , , , ,SLPQPQKVNSILGCSQ, 44.6,  2,  19775,    68.26,  1755.91, 1755.90666
 , , , ,RLEKELGSPPGISLETIDAAFSCPGSSR, 38.4,  4,  32192,   100.95,  2974.49, 2974.49941
HRG_MOUSE, Histidine-rich glycoprotein OS=Mus musculus GN=Hrg PE=1 SV=2,  286.5,      525,FFGYTPPK, 38.6,  2,  16748,    60.55,   956.49,  956.48815
 , , , ,FFGYTPPK, 45.2,  2,  16890,    60.90,   956.49,  956.48851
 , , , ,FFGYTPPK, 57.2,  2,  16602,    60.20,   956.49,  956.48863
 , , , ,FFGYTPPK, 44.1,  2,  16455,    59.85,   956.49,  956.48888
 , , , ,FFGYTPPK, 31.3,  2,  16306,    59.50,   956.49,  956.48906
 , , , ,SPLVFGFCR, 39.5,  2,  24228,    79.72,  1082.55, 1082.54473
 , , , ,SGYVFELLR, 35.6,  2,  29122,    92.74,  1083.58, 1083.58489
 , , , ,SLQPEIQPFPQTASR, 48.8,  2,  20937,    71.20,  1698.88, 1698.88079
 , , , ,SLQPEIQPFPQTASR, 58.9,  2,  20795,    70.86,  1698.88, 1698.88127
 , , , ,SLQPEIQPFPQTASR, 33.9,  2,  20659,    70.52,  1698.88, 1699.88298
 , , , ,GLFPFHHQQIGYVYR, 45.4,  3,  20970,    71.28,  1861.95, 1861.94675
 , , , ,SCPGKFESEFPQISKFFGYTPPK, 43.4,  3,  33754,   104.93,  2678.30, 2679.30100
HBB1_MOUSE, Hemoglobin subunit beta-1 OS=Mus musculus GN=Hbb-b1 PE=1 SV=2,  274.2,      147,LLVVYPWTQR, 55.6,  2,  29093,    92.66,  1274.73, 1274.72649
 , , , ,LLVVYPWTQR, 32.0,  2,  29373,    93.45,  1274.73, 1274.72661
 , , , ,LLVVYPWTQR, 55.7,  2,  28953,    92.30,  1274.73, 1274.72685
 , , , ,YFDSFGDLSSASAIMGNAK, 82.9,  2,  35619,   109.57,  1980.90, 1980.90068
 , , , ,YFDSFGDLSSASAIMGNAK,108.0,  2,  35748,   109.92,  1980.90, 1980.90166
 , , , ,LLVVYPWTQRYFDSFGDLSSASAIMGNAK, 48.4,  3,  45737,   140.00,  3236.61, 3236.62021
CFAD_MOUSE, Complement factor D OS=Mus musculus GN=Cfd PE=1 SV=1,  264.9,      259,ILGGQEAAAHAR, 50.2,  3,   2727,    22.24,  1193.64, 1193.63742
 , , , ,ILGGQEAAAHAR, 44.6,  3,   2599,    21.88,  1193.64, 1193.63770
 , , , ,ILGGQEAAAHAR, 69.4,  2,   2711,    22.20,  1193.64, 1193.63860
 , , , ,DTCRGDSGSPLVCGDAVEGVVTWGSR, 63.3,  3,  29700,    94.31,  2737.23, 2738.23221
 , , , ,DTCRGDSGSPLVCGDAVEGVVTWGSR, 39.2,  3,  29828,    94.65,  2737.23, 2738.23313
 , , , ,DTCRGDSGSPLVCGDAVEGVVTWGSR, 66.8,  3,  29563,    93.97,  2737.23, 2738.23459
 , , , ,TTCNLRTYHDGVVTINMMCAESNRR, 41.2,  5,  17411,    62.17,  2999.37, 3000.37336
PROP_MOUSE, Properdin OS=Mus musculus GN=Cfp PE=2 SV=2,  213.6,      464,HGGPFCAGDATR, 62.7,  2,   2945,    22.87,  1245.54, 1245.54314
 , , , ,HGGPFCAGDATR, 27.3,  2,   3056,    23.21,  1245.54, 1245.54399
 , , , ,MSINCEGTPGQQSR, 37.5,  2,   6206,    33.19,  1564.68, 1564.68108
 , , , ,MSINCEGTPGQQSR, 70.8,  2,   6070,    32.83,  1564.68, 1564.68169
 , , , ,MSINCEGTPGQQSR, 38.5,  2,   5849,    32.12,  1564.68, 1564.68266
 , , , ,MSINCEGTPGQQSR, 68.4,  2,   5951,    32.47,  1564.68, 1564.68352
APOC3_MOUSE, Apolipoprotein C-III OS=Mus musculus GN=Apoc3 PE=1 SV=2,  210.0,       99,GWMDNHFR, 37.5,  2,  11509,    47.25,  1062.46, 1062.45720
 , , , ,GWMDNHFR, 35.0,  2,  11629,    47.61,  1062.46, 1062.45732
 , , , ,GWMDNHFR, 31.8,  2,  11381,    46.91,  1062.46, 1062.45745
 , , , ,GWMDNHFR, 43.2,  2,   5964,    32.51,  1078.45, 1078.45220
 , , , ,GWMDNHFR, 22.8,  2,   6078,    32.85,  1078.45, 1078.45293
 , , , ,TVQDALSSVQESDIAVVAR,105.9,  2,  28670,    91.53,  1988.03, 1989.03313
 , , , ,TVQDALSSVQESDIAVVAR, 60.7,  3,  28649,    91.47,  1988.03, 1989.03586
CD5L_MOUSE, CD5 antigen-like OS=Mus musculus GN=Cd5l PE=1 SV=3,  195.3,      352,AGWNLQVSK, 37.0,  2,  13045,    51.37,  1002.54, 1002.53710
 , , , ,AGWNLQVSK, 55.4,  2,  12918,    51.03,  1002.54, 1002.53728
 , , , ,ELNCGAVIQTPR, 67.1,  2,  11814,    48.12,  1357.69, 1357.68865
 , , , ,ELNCGAVIQTPR, 62.1,  2,  11563,    47.40,  1357.69, 1357.68926
 , , , ,ELNCGAVIQTPR, 74.5,  2,  11682,    47.75,  1357.69, 1357.68975
CFAB_MOUSE, Complement factor B OS=Mus musculus GN=Cfb PE=1 SV=2,  179.3,      761,STGSWSDLQTR, 62.7,  2,  10265,    44.08,  1237.58, 1237.58232
 , , , ,STGSWSDLQTR, 73.4,  2,  10151,    43.73,  1237.58, 1237.58391
 , , , ,STGSWSDLQTR, 73.4,  2,  10016,    43.38,  1237.58, 1237.58537
 , , , ,STGSWSDLQTR, 36.0,  2,   9873,    43.04,  1237.58, 1238.58696
 , , , ,TCRSTGSWSDLQTR, 34.7,  3,   6944,    35.24,  1654.76, 1654.75962
VTNC_MOUSE, Vitronectin OS=Mus musculus GN=Vtn PE=1 SV=2,  171.5,      478,RVDSVNPPYPR, 54.1,  2,   6103,    32.93,  1299.68, 1299.67876
 , , , ,RVDSVNPPYPR, 52.4,  2,   5990,    32.59,  1299.68, 1299.68010
 , , , ,RVDSVNPPYPR, 35.1,  3,   5883,    32.25,  1299.68, 1299.68103
 , , , ,RVDSVNPPYPR, 52.2,  2,   5878,    32.24,  1299.68, 1299.68108
 , , , ,RVDSVNPPYPR, 37.5,  3,   6245,    33.29,  1299.68, 1299.68149
 , , , ,SIAQYWLGCPTSEK, 38.3,  2,  25079,    81.96,  1639.78, 1640.78337
 , , , ,SIAQYWLGCPTSEK, 48.3,  2,  24937,    81.60,  1639.78, 1640.78569
SPA3K_MOUSE, Serine protease inhibitor A3K OS=Mus musculus GN=Serpina3k PE=1 SV=2,  143.9,      418,AVLDVAETGTEAAAATGVIGGIR, 74.2,  2,  34466,   106.73,  2142.14, 2142.13481
 , , , ,AVLDVAETGTEAAAATGVIGGIR, 43.7,  3,  34358,   106.46,  2142.14, 2142.14188
 , , , ,AVLDVAETGTEAAAATGVIGGIR, 64.0,  3,  34497,   106.81,  2142.14, 2143.14493
CO3_MOUSE, Complement C3 OS=Mus musculus GN=C3 PE=1 SV=3,  136.3,     1663,SVQLMER, 37.7,  2,   5605,    31.27,   862.45,  862.44481
 , , , ,SVQLMER, 35.6,  2,   5349,    30.58,   862.45,  862.44493
 , , , ,SVQLMER, 39.7,  2,   5483,    30.93,   862.45,  862.44506
 , , , ,SVQLMER, 32.3,  2,   3341,    24.19,   878.44,  878.44011
 , , , ,SVQLMER, 37.8,  2,   2952,    22.89,   878.44,  878.44017
 , , , ,SVQLMER, 32.9,  2,   3832,    25.87,   878.44,  878.44017
 , , , ,LITQGENCIK, 35.5,  2,   5952,    32.48,  1175.61, 1175.61003
 , , , ,LITQGENCIK, 42.4,  2,   5852,    32.13,  1175.61, 1175.61003
 , , , ,LLWENGNLLR, 31.6,  2,  27653,    88.76,  1227.68, 1228.68804
 , , , ,CCEDGMRDIPMR, 19.1,  3,   9012,    40.79,  1539.62, 1539.61814
 , , , ,SSATTFRLLWENGNLLR, 36.5,  3,  33005,   103.07,  1978.05, 1979.05735
EGFR_MOUSE, Epidermal growth factor receptor OS=Mus musculus GN=Egfr PE=1 SV=1,  134.1,     1210,NYVVTDHGSCVR, 49.8,  2,   3815,    25.81,  1406.65, 1406.64910
 , , , ,NYVVTDHGSCVR, 32.8,  3,   3816,    25.81,  1406.65, 1406.64951
 , , , ,ACGPDYYEVEEDGIRK, 44.0,  3,  13894,    53.38,  1900.84, 1900.83908
 , , , ,AVNHVCNPLCSSEGCWGPEPR, 56.3,  3,  19296,    66.99,  2426.04, 2427.04960
CO8A_MOUSE, Complement component C8 alpha chain OS=Mus musculus GN=C8a PE=1 SV=1,  104.5,      587,ALDQYLMEFNACR, 28.6,  2,  31635,    99.49,  1630.74, 1630.73564
 , , , ,AALGYNILTQEEAQSVYDAK, 37.0,  2,  29902,    94.83,  2184.08, 2184.07793
 , , , ,AALGYNILTQEEAQSVYDAK, 76.8,  2,  30034,    95.18,  2184.08, 2185.08794
CFAH_MOUSE, Complement factor H OS=Mus musculus GN=Cfh PE=1 SV=2,  100.3,     1234,TGEQVTFR, 52.0,  2,   4804,    29.12,   937.47,  937.47569
 , , , ,CTPTGWIPVPR, 43.6,  2,  23181,    76.95,  1283.66, 1283.65825
 , , , ,CTPTGWIPVPR, 33.2,  2,  23303,    77.30,  1283.66, 1283.65959
 , , , ,CVATDQLEKCR, 32.0,  2,   4412,    27.86,  1379.64, 1379.63823
 , , , ,CIEKIPCSQPPTIEHGSINLPR, 37.2,  4,  19400,    67.28,  2546.29, 2547.28945
ANT3_MOUSE, Antithrombin-III OS=Mus musculus GN=Serpinc1 PE=1 SV=1,   98.1,      465,VWELSK, 36.4,  2,   8750,    40.13,   761.42,  761.41643
 , , , ,VWELSK, 35.0,  2,   8894,    40.49,   761.42,  761.41948
 , , , ,VWELSK, 35.6,  2,   9174,    41.20,   761.42,  761.41997
 , , , ,VWELSKANSR, 35.3,  2,   5722,    31.65,  1189.63, 1189.63371
 , , , ,DIPVNPLCIYR, 44.7,  2,  30433,    96.26,  1359.71, 1359.70976
 , , , ,DIPVNPLCIYR, 43.6,  2,  30569,    96.61,  1359.71, 1359.71099
FIBA_MOUSE, Fibrinogen alpha chain OS=Mus musculus GN=Fga PE=1 SV=1,   93.1,      789,SQLQEAPPEWK, 33.1,  2,  12668,    50.31,  1312.65, 1312.65178
 , , , ,SQLQEAPPEWK, 56.2,  2,  12795,    50.66,  1312.65, 1312.65398
 , , , ,SQLQEAPPEWKALTEMR, 44.5,  3,  26248,    84.94,  2014.01, 2014.00907
SEPP1_MOUSE, Selenoprotein P OS=Mus musculus GN=Sepp1 PE=1 SV=3,   88.0,      380,HLIFEK, 37.3,  2,   5655,    31.43,   786.45,  786.45024
 , , , ,HLIFEK, 37.2,  2,   5541,    31.09,   786.45,  786.45049
 , , , ,GCINQLLCK, 51.4,  2,  13033,    51.34,  1105.55, 1105.54985
 , , , ,RGCINQLLCK, 38.5,  2,   7705,    37.30,  1261.65, 1261.64873
ICA_MOUSE, Inhibitor of carbonic anhydrase OS=Mus musculus GN=Ica PE=1 SV=1,   84.6,      700,VLPAGGPAVTCVR, 44.7,  2,  11789,    48.06,  1296.71, 1296.70952
 , , , ,VLPAGGPAVTCVR, 49.5,  2,  11932,    48.41,  1296.71, 1297.71294
 , , , ,WCVVSDHEATK, 33.1,  2,   6141,    33.03,  1331.60, 1331.60320
LIFR_MOUSE, Leukemia inhibitory factor receptor OS=Mus musculus GN=Lifr PE=1 SV=1,   84.5,     1092,NTEYTLFESISGK, 84.5,  2,  27384,    88.04,  1488.72, 1488.72002
KV3A1_MOUSE, Ig kappa chain V-III region PC 2880/PC 1229 OS=Mus musculus PE=1 SV=1,   80.5,      111,DIVLTQSPASLAVSLGQR, 59.0,  2,  34321,   106.37,  1855.03, 1855.02873
 , , , ,DIVLTQSPASLAVSLGQR, 51.5,  2,  34181,   106.03,  1855.03, 1855.03850
FIBG_MOUSE, Fibrinogen gamma chain OS=Mus musculus GN=Fgg PE=1 SV=1,   79.2,      436,DNCCILDER, 49.4,  2,   9672,    42.53,  1194.49, 1194.48723
 , , , ,DNCCILDER, 47.8,  2,   9811,    42.88,  1194.49, 1194.48882
AL1L1_MOUSE, Cytosolic 10-formyltetrahydrofolate dehydrogenase OS=Mus musculus GN=Aldh1l1 PE=1 SV=1,   78.3,      902,FAELTLK, 45.2,  2,  14904,    55.93,   821.48,  821.47606
 , , , ,FAELTLK, 41.7,  2,  15035,    56.27,   821.48,  821.47631
 , , , ,FAELTLK, 41.4,  2,  15173,    56.62,   821.48,  821.47643
PROZ_MOUSE, Vitamin K-dependent protein Z OS=Mus musculus GN=Proz PE=1 SV=1,   75.0,      399,SSQSQPSFPWQVR, 55.3,  2,  22933,    76.29,  1533.74, 1533.74480
 , , , ,GSVVMGPWVEGSVVTR, 46.2,  2,  27581,    88.58,  1659.85, 1659.85027
CO4B_MOUSE, Complement C4-B OS=Mus musculus GN=C4b PE=1 SV=3,   71.9,     1738,TLEIPGSSDPNIVPDGDFSSLVR, 71.9,  2,  38279,   116.91,  2415.20, 2415.20073
ITIH4_MOUSE, Inter alpha-trypsin inhibitor  heavy chain 4 OS=Mus musculus GN=Itih4 PE=1 SV=2,   68.7,      942,LMTVLKGSR, 41.5,  2,   4944,    29.56,  1004.59, 1004.59203
 , , , ,LMTVLKGSR, 44.2,  2,   4835,    29.22,  1004.59, 1004.59246
IGHG3_MOUSE, Ig gamma-3 chain C region OS=Mus musculus PE=1 SV=2,   57.3,      398,ALPAPIER, 34.2,  2,   8011,    38.16,   866.51,  866.50902
 , , , ,ALPAPIER, 27.1,  2,   7883,    37.82,   866.51,  866.50939
 , , , ,VNNKALPAPIER, 35.4,  3,   5863,    32.17,  1321.76, 1321.76099
FA5_MOUSE, Coagulation factor V OS=Mus musculus GN=F5 PE=1 SV=1,   55.9,     2183,TLPGSGATVAGTLLR, 55.9,  2,  23003,    76.46,  1413.81, 1414.81169
CO8G_MOUSE, Complement component C8 gamma chain OS=Mus musculus GN=C8g PE=1 SV=1,   54.9,      202,YGFCETADQLHILNEVPR, 54.9,  3,  30305,    95.91,  2162.03, 2162.03592
CD44_MOUSE, CD44 antigen OS=Mus musculus GN=Cd44 PE=1 SV=3,   50.6,      778,YGFIEGNVVIPR, 50.6,  2,  27096,    87.23,  1363.74, 1363.73650
